,,判賠比率,判決案由
0,福建金門地方法院民事判決107年度建字第3號,0.938248419,給付工程款等
1,臺灣南投地方法院民事判決109年度建字第4號,0.699999611,損害賠償
2,臺灣嘉義地方法院民事判決110年度建字第2號,,給付工程款
3,臺灣基隆地方法院民事判決110年度建字第2號,1,損害賠償等
4,臺灣士林地方法院民事判決109年度建字第35號,0,給付工程保留款
5,臺灣宜蘭地方法院民事判決108年度建字第16號,0.007105503,給付工程款
6,臺灣屏東地方法院民事判決108年度建字第29號,,給付工程款
7,臺灣彰化地方法院民事判決109年度建字第22號,,損害賠償
8,臺灣彰化地方法院民事判決109年度建字第8號,0.253807107,給付工程款
9,臺灣新北地方法院民事判決105年度建字第69號,0,損害賠償
10,臺灣新北地方法院民事判決109年度建字第61號,0,給付工程款等
11,臺灣新竹地方法院民事判決106年度建字第23號,,給付工程款
12,臺灣桃園地方法院民事判決107年度建字第58號,0,損害賠償等
13,臺灣桃園地方法院民事判決109年度建字第126號,0,損害賠償
14,臺灣桃園地方法院民事判決109年度建字第27號,0.347575414,給付承攬報酬
15,臺灣桃園地方法院民事判決109年度建字第59號,,給付工程款
16,臺灣桃園地方法院民事判決109年度建字第68號,,給付工程款
17,臺灣橋頭地方法院民事判決109年度建字第10號,0,給付承攬報酬等
18,臺灣臺中地方法院民事判決107年度建字第145號,0,給付工程款
19,臺灣臺中地方法院民事判決107年度建字第149號,0.740628703,給付工程款
20,臺灣臺中地方法院民事判決109年度建字第61號,,返還工程款等
21,臺灣臺中地方法院民事判決109年度建字第82號,,損害賠償
22,臺灣臺北地方法院民事判決106年度建字第139號,0.069235018,損害賠償
23,臺灣臺北地方法院民事判決107年度建字第352號,0.059565152,給付工程款
24,臺灣臺北地方法院民事判決108年度建字第30號,0.672594971,給付承攬報酬等
25,臺灣臺北地方法院民事判決108年度建字第383號,0,給付工程款
26,臺灣臺北地方法院民事判決108年度建字第386號,0.7691136,給付工程款
27,臺灣臺北地方法院民事判決109年度建字第202號,0,給付逾期違約金
28,臺灣臺北地方法院民事判決109年度建字第219號,1,返還工程款
29,臺灣臺北地方法院民事判決109年度建字第252號,1,給付工程款
30,臺灣臺北地方法院民事判決109年度建字第268號,0.852975153,給付承攬報酬
31,臺灣臺北地方法院民事判決109年度建字第285號,0,給付工程款
32,臺灣臺北地方法院民事判決109年度建字第29號,0.523140691,給付工程款
33,臺灣臺北地方法院民事判決109年度建字第335號,0.546218487,返還工程款等
34,臺灣臺北地方法院民事判決109年度建字第73號,,給付工程款
35,臺灣臺北地方法院民事判決109年度建字第86號,0,給付工程款
36,臺灣臺北地方法院民事判決110年度建字第29號,1,給付工程款
37,臺灣臺南地方法院民事判決108年度建字第23號,0.996514757,給付工程款
38,臺灣臺南地方法院民事判決109年度建字第66號,,給付工程款
39,臺灣臺南地方法院民事判決109年度建字第73號,,給付工程尾款
40,臺灣臺南地方法院民事判決109年度建字第76號,,返還不當得利等
41,臺灣高雄地方法院民事判決107年度建字第81號,0.989595012,給付工程款等
42,臺灣高雄地方法院民事判決108年度建字第38號,0.99654919,給付工程款
43,臺灣高雄地方法院民事判決108年度建字第66號,0,給付承攬報酬
44,臺灣高雄地方法院民事判決108年度建字第72號,0.896249074,給付工程款
45,臺灣高雄地方法院民事判決108年度建字第97號,0,給付工程款
46,臺灣高雄地方法院民事判決109年度建字第3號,,給付工程款
47,臺灣高雄地方法院民事判決109年度建字第30號,0,給付工程款
48,臺灣南投地方法院民事判決109年度建字第9號,0.811023622,給付工程款
49,臺灣嘉義地方法院民事判決109年度建字第10號,0,給付工程款
50,臺灣基隆地方法院民事判決107年度建字第12號,0,給付罰金
51,臺灣基隆地方法院民事判決109年度建字第3號,0.791881771,給付工程款
52,臺灣基隆地方法院民事判決109年度建字第5號,,給付工程款等
53,臺灣士林地方法院民事判決108年度建字第57號,0,給付工程款等
54,臺灣士林地方法院民事判決108年度建字第64號,0.205450104,返還工程款等
55,臺灣士林地方法院民事判決109年度建字第21號,,給付工程款
56,臺灣士林地方法院民事判決109年度建字第57號,1,返還工程款
57,臺灣宜蘭地方法院民事判決107年度建字第7號,0,返還工程款
58,臺灣宜蘭地方法院民事判決108年度建字第11號,,減少報酬等
59,臺灣屏東地方法院民事判決107年度建字第17號,0.421625397,返還違約金等
60,臺灣彰化地方法院民事判決109年度建字第3號,0.510397759,給付工程款
61,臺灣新北地方法院民事判決107年度建字第128號,,收取債權等
62,臺灣新北地方法院民事判決109年度建字第83號,,返還工程保留款等
63,臺灣新竹地方法院民事判決103年度建字第6號,0.274008633,給付工程款
64,臺灣新竹地方法院民事判決107年度建字第69號,0.886591845,給付價金等
65,臺灣新竹地方法院民事判決108年度建字第12號,,給付工程款
66,臺灣新竹地方法院民事判決110年度建字第4號,1,返還工程保留款
67,臺灣桃園地方法院民事判決108年度建字第4號,0,給付勞務報酬
68,臺灣桃園地方法院民事判決108年度建字第72號,0,給付工程款等
69,臺灣桃園地方法院民事判決109年度建字第100號,1,返還不當得利等
70,臺灣桃園地方法院民事判決109年度建字第127號,1,給付工程款
71,臺灣桃園地方法院民事判決109年度建字第99號,,返還不當得利
72,臺灣橋頭地方法院民事判決109年度建字第14號,0,給付工程款
73,臺灣臺中地方法院民事判決104年度建字第41號,0,給付工程款
74,臺灣臺中地方法院民事判決105年度建字第105號,0,給付工程款
75,臺灣臺中地方法院民事判決106年度建字第50號,0.481607,給付工程款
76,臺灣臺中地方法院民事判決108年度建字第105號,0,工程延誤賠償
77,臺灣臺中地方法院民事判決108年度建字第118號,0,給付工程款等
78,臺灣臺中地方法院民事判決108年度建字第16號,0.530487963,請求工程款及停工費用
79,臺灣臺中地方法院民事判決109年度建字第13號,0,請求承攬瑕疵損害賠償等
80,臺灣臺中地方法院民事判決109年度建字第152號,,返還不當得利
81,臺灣臺中地方法院民事判決109年度建字第16號,,給付工程款
82,臺灣臺北地方法院民事判決104年度建字第58號,0.403451025,給付趕工費用
83,臺灣臺北地方法院民事判決106年度建字第396號,0.388989623,給付工程款
84,臺灣臺北地方法院民事判決106年度建字第58號,1,損害賠償
85,臺灣臺北地方法院民事判決107年度建字第288號,0.195422841,損害賠償
86,臺灣臺北地方法院民事判決108年度建字第111號,0.942146854,給付工程款
87,臺灣臺北地方法院民事判決108年度建字第203號,,協同辦理建物法定抵押權登記
88,臺灣臺北地方法院民事判決109年度建字第210號,,返還溢領工程款等
89,臺灣臺北地方法院民事判決109年度建字第215號,0,給付工程款
90,臺灣臺北地方法院民事判決109年度建字第222號,1,給付工程款
91,臺灣臺北地方法院民事判決109年度建字第275號,0,履行契約
92,臺灣臺北地方法院民事判決109年度建字第327號,0.610225303,給付工程款
93,臺灣臺北地方法院民事判決109年度建字第33號,,損害賠償等
94,臺灣臺北地方法院民事判決109年度建字第343號,0,損害賠償
95,臺灣臺北地方法院民事判決109年度建字第364號,,返還工程保固金等
96,臺灣臺北地方法院民事判決109年度建字第382號,,給付工程款
97,臺灣臺北地方法院民事判決109年度建字第67號,0.280121281,給付工程款等
98,臺灣臺北地方法院民事判決110年度建字第26號,1,給付工程款等
99,臺灣臺北地方法院民事判決110年度建字第41號,,履行契約等
100,臺灣臺南地方法院民事判決104年度建字第17號,0.405835542,給付工程款
101,臺灣臺南地方法院民事判決108年度建字第42號,1,給付工程款
102,臺灣臺南地方法院民事判決109年度建字第16號,1,返還溢領工程款
103,臺灣臺南地方法院民事判決109年度建字第29號,1,給付承攬報酬
104,臺灣臺南地方法院民事判決109年度建字第41號,,給付承攬報酬
105,臺灣花蓮地方法院民事判決108年度建字第6號,0.823080184,給付工程款等
106,臺灣苗栗地方法院民事判決109年度建字第12號,0,給付工程款
107,臺灣嘉義地方法院民事判決109年度建字第17號,,給付遲延違約金
108,臺灣嘉義地方法院民事判決110年度建字第3號,,返還工程款
109,臺灣基隆地方法院民事判決109年度建字第17號,0,給付保固保證金
110,臺灣士林地方法院民事判決110年度建字第8號,1,給付工程款
111,臺灣宜蘭地方法院民事判決107年度建字第19號,1,給付承攬報酬
112,臺灣宜蘭地方法院民事判決108年度建字第19號,1,給付工程款
113,臺灣彰化地方法院民事判決105年度建字第30號,1,返還不當得利等
114,臺灣彰化地方法院民事判決109年度建字第17號,0,給付工程款
115,臺灣彰化地方法院民事判決110年度建字第4號,,給付工程款等
116,臺灣新北地方法院民事判決109年度建字第84號,1,給付工程款
117,臺灣新竹地方法院民事判決108年度建字第11號,,給付工程款
118,臺灣新竹地方法院民事判決109年度建字第27號,,給付工程款
119,臺灣桃園地方法院民事判決109年度建字第117號,1,給付買賣價金
120,臺灣桃園地方法院民事判決109年度建字第141號,1,損害賠償等
121,臺灣桃園地方法院民事判決109年度建字第77號,,返還溢領工程款等
122,臺灣桃園地方法院民事判決109年度建字第79號,0,給付工程款等
123,臺灣桃園地方法院民事判決109年度建字第80號,0,給付工程款
124,臺灣橋頭地方法院民事判決108年度建字第7號,1,給付工程款等
125,臺灣臺中地方法院民事判決107年度建字第156號,0,給付工程款
126,臺灣臺中地方法院民事判決107年度建字第169號,0,給付工程款
127,臺灣臺中地方法院民事判決107年度建字第54號,0,違約賠償
128,臺灣臺中地方法院民事判決108年度建字第157號,0,給付工程費用
129,臺灣臺中地方法院民事判決108年度建字第36號,0.974894209,給付工程報酬等
130,臺灣臺中地方法院民事判決108年度建字第93號,,損害賠償等
131,臺灣臺中地方法院民事判決109年度建字第100號,0,給付工程款
132,臺灣臺中地方法院民事判決109年度建字第117號,,給付報酬等
133,臺灣臺中地方法院民事判決109年度建字第128號,1,給付工程款等
134,臺灣臺中地方法院民事判決109年度建字第143號,0,損害賠償
135,臺灣臺中地方法院民事判決109年度建字第162號,0,給付工程款
136,臺灣臺中地方法院民事判決109年度建字第42號,,給付工程款
137,臺灣臺中地方法院民事判決109年度建字第95號,0,給付工程款
138,臺灣臺北地方法院民事判決103年度建字第291號,0.808637376,給付工程款
139,臺灣臺北地方法院民事判決106年度建字第356號,0.102810062,返還溢領工程款等
140,臺灣臺北地方法院民事判決107年度建字第443號,0,確認工程款債權存在
141,臺灣臺北地方法院民事判決108年度建字第129號,0.537676384,返還工程保固金
142,臺灣臺北地方法院民事判決108年度建字第190號,,損害賠償
143,臺灣臺北地方法院民事判決108年度建字第241號,0,給付工程款
144,臺灣臺北地方法院民事判決108年度建字第326號,0.191218677,給付工程款等
145,臺灣臺北地方法院民事判決108年度建字第422號,0.173096607,損害賠償
146,臺灣臺北地方法院民事判決108年度建字第425號,0.153625448,給付工程保留款等
147,臺灣臺北地方法院民事判決109年度建字第137號,1,損害賠償
148,臺灣臺北地方法院民事判決109年度建字第175號,0.936365719,給付工程保留款等
149,臺灣臺北地方法院民事判決109年度建字第242號,1,給付工程款
150,臺灣臺北地方法院民事判決109年度建字第271號,,給付承攬報酬
151,臺灣臺北地方法院民事判決109年度建字第294號,1,給付工程款等
152,臺灣臺北地方法院民事判決110年度建字第30號,0.868675968,給付工程款等
153,臺灣臺北地方法院民事判決110年度建字第5號,1,給付工程款
154,臺灣臺南地方法院民事判決107年度建字第62號,0.985307479,返還工程款等
155,臺灣臺南地方法院民事判決108年度建字第21號,0.142005503,給付工程款
156,臺灣臺南地方法院民事判決109年度建字第49號,0,給付工程款
157,臺灣臺南地方法院民事判決109年度建字第75號,0,給付工程款
158,臺灣花蓮地方法院民事判決107年度建字第7號,0.781461053,損害賠償
159,臺灣花蓮地方法院民事判決109年度建字第9號,,返還溢領工程款等
160,臺灣苗栗地方法院民事判決109年度建字第18號,1,給付貨款等
161,臺灣苗栗地方法院民事判決110年度建字第1號,,給付工程款
162,臺灣高雄地方法院民事判決109年度建字第74號,0.066322771,損害賠償
163,臺灣高雄地方法院民事判決110年度建字第12號,1,返還溢領工程款
164,臺灣高雄地方法院民事判決110年度建字第9號,1,損害賠償
165,臺灣基隆地方法院民事判決107年度建字第15號,0,給付工程款
166,臺灣基隆地方法院民事判決109年度建字第15號,0.173349535,給付工程款
167,臺灣基隆地方法院民事判決109年度建字第24號,0,返還履約保證金
168,臺灣士林地方法院民事判決108年度建字第54號,0,損害賠償等
169,臺灣士林地方法院民事判決109年度建字第50號,0,損害賠償
170,臺灣屏東地方法院民事判決108年度建字第27號,0,損害賠償等
171,臺灣彰化地方法院民事判決108年度建字第10號,,給付工程款
172,臺灣新北地方法院民事判決107年度建字第133號,0,給付工程款
173,臺灣新北地方法院民事判決107年度建字第64號,0,給付工程款
174,臺灣新北地方法院民事判決109年度建字第46號,0,損害賠償
175,臺灣新北地方法院民事判決109年度建字第48號,,損害賠償等
176,臺灣新北地方法院民事判決110年度建字第23號,1,給付工程款
177,臺灣新竹地方法院民事判決108年度建字第45號,0.172064612,給付承攬報酬等
178,臺灣新竹地方法院民事判決108年度建字第63號,0,損害賠償
179,臺灣新竹地方法院民事判決108年度建字第70號,0.958228906,給付工程款
180,臺灣新竹地方法院民事判決108年度建字第73號,0.526808176,給付承攬報酬等
181,臺灣新竹地方法院民事判決109年度建字第3號,0.075017652,損害賠償
182,臺灣新竹地方法院民事判決109年度建字第41號,0,損害賠償
183,臺灣桃園地方法院民事判決108年度建字第131號,0.491623892,給付承攬報酬
184,臺灣桃園地方法院民事判決108年度建字第98號,0.373073916,給付工程款
185,臺灣桃園地方法院民事判決109年度建字第121號,,給付工程款等
186,臺灣桃園地方法院民事判決110年度建字第9號,1,給付工程款
187,臺灣橋頭地方法院民事判決110年度建字第5號,0.482761317,給付工程款
188,臺灣橋頭地方法院民事判決110年度建字第6號,1,給付工程款
189,臺灣臺中地方法院民事判決107年度建字第16號,0.577777778,給付工程款
190,臺灣臺中地方法院民事判決108年度建字第19號,0.642122262,損害賠償等
191,臺灣臺中地方法院民事判決109年度建字第101號,0,給付工程款
192,臺灣臺中地方法院民事判決109年度建字第130號,,給付報酬
193,臺灣臺中地方法院民事判決109年度建字第137號,0,給付工程款
194,臺灣臺中地方法院民事判決109年度建字第23號,,請求返還工程款等
195,臺灣臺中地方法院民事判決109年度建字第33號,0,返還工程履約保證金
196,臺灣臺中地方法院民事判決109年度建字第4號,0.274725275,給付逾期違約罰款等
197,臺灣臺中地方法院民事判決109年度建字第81號,0.99195014,給付工程款等
198,臺灣臺北地方法院民事判決105年度建字第29號,1,給付工程款
199,臺灣臺北地方法院民事判決106年度建字第277號,0.445696649,返還承攬報酬等
200,臺灣臺北地方法院民事判決107年度建字第67號,0.507736442,損害賠償
201,臺灣臺北地方法院民事判決108年度建字第332號,0.769016178,履行契約
202,臺灣臺北地方法院民事判決108年度建字第362號,0.932980738,給付工程款
203,臺灣臺北地方法院民事判決108年度建字第366號,0.058960672,履行契約等
204,臺灣臺北地方法院民事判決108年度建字第410號,0.709206553,給付工程款等
205,臺灣臺北地方法院民事判決108年度建字第8號,0.795300216,給付工程款
206,臺灣臺北地方法院民事判決109年度建字第111號,0,清償債務
207,臺灣臺北地方法院民事判決109年度建字第145號,0.626316857,給付工程款
208,臺灣臺北地方法院民事判決109年度建字第147號,0,給付工程款
209,臺灣臺北地方法院民事判決109年度建字第206號,0.507649125,給付工程款
210,臺灣臺北地方法院民事判決109年度建字第237號,0.096915945,給付承攬報酬
211,臺灣臺北地方法院民事判決109年度建字第312號,1,給付工程保留款
212,臺灣臺北地方法院民事判決109年度建字第365號,1,履行契約
213,臺灣臺北地方法院民事判決109年度建字第367號,1,給付工程款
214,臺灣臺北地方法院民事判決109年度建字第376號,0.723950362,給付工程款
215,臺灣臺北地方法院民事判決109年度建字第4號,0,給付工程款
216,臺灣臺北地方法院民事判決110年度建字第21號,1,給付工程款
217,臺灣臺南地方法院民事判決108年度建字第25號,,給付工程款等
218,臺灣臺南地方法院民事判決109年度建字第77號,0.039657573,返還不當得利等
219,臺灣苗栗地方法院民事判決109年度建字第11號,0.305876289,給付工程款
220,臺灣高雄地方法院民事判決109年度建字第60號,0,損害賠償
221,臺灣彰化地方法院民事判決108年度建字第3號,0.562120202,給付工程款等
222,臺灣新北地方法院民事判決108年度建字第61號,0,損害賠償
223,臺灣新竹地方法院民事判決108年度建字第35號,0.199720466,給付工程款
224,臺灣新竹地方法院民事判決109年度建字第5號,0.924757979,回復原狀等
225,臺灣桃園地方法院民事判決107年度建字第60號,0,給付工程款
226,臺灣臺中地方法院民事判決105年度建字第107號,0,給付工程款
227,臺灣臺中地方法院民事判決106年度建字第94號,0,給付工程款
228,臺灣臺中地方法院民事判決107年度建字第117號,0.484952945,給付工程款
229,臺灣臺中地方法院民事判決108年度建字第164號,,損害賠償
230,臺灣臺中地方法院民事判決109年度建字第67號,0,清償工程款
231,臺灣臺北地方法院民事判決105年度建字第45號,0.475738039,給付工程款等
232,臺灣臺北地方法院民事判決106年度建字第354號,1,給付工程款
233,臺灣臺北地方法院民事判決107年度建字第115號,,給付承攬報酬
234,臺灣臺北地方法院民事判決108年度建字第194號,0.513245797,給付工程款
235,臺灣臺北地方法院民事判決108年度建字第420號,,給付承攬報酬
236,臺灣臺北地方法院民事判決109年度建字第149號,0.773559322,損害賠償
237,臺灣臺北地方法院民事判決109年度建字第196號,0,清償債務
238,臺灣臺北地方法院民事判決109年度建字第238號,,給付工程款等
239,臺灣臺北地方法院民事判決109年度建字第295號,,給付工程款等
240,臺灣臺南地方法院民事判決109年度建字第69號,0.317961858,給付工程款
241,臺灣高雄地方法院民事判決108年度建字第71號,0.213641239,給付工程款
242,臺灣高雄地方法院民事判決109年度建字第1號,0.649014625,給付工程款
243,臺灣高雄地方法院民事判決109年度建字第80號,,返還溢領工程款等
244,臺灣屏東地方法院民事判決109年度建字第29號,0,給付監造服務費等
245,臺灣桃園地方法院民事判決109年度建字第90號,0.835616438,返還價金等
246,臺灣橋頭地方法院民事判決106年度建字第39號,0.639338298,給付工程款
247,臺灣臺中地方法院民事判決107年度建字第13號,0,給付工程款
248,臺灣臺中地方法院民事判決108年度建字第123號,0.637028334,給付工程款
249,臺灣臺中地方法院民事判決108年度建字第125號,0,損害賠償
250,臺灣臺中地方法院民事判決109年度建字第34號,,給付工程款
251,臺灣臺中地方法院民事判決110年度建字第3號,0,給付工程款等
252,臺灣臺北地方法院民事判決106年度建字第165號,0.115452917,損害賠償
253,臺灣臺北地方法院民事判決108年度建字第83號,,損害賠償等
254,臺灣臺北地方法院民事判決109年度建字第240號,,給付承攬報酬
255,臺灣臺北地方法院民事判決109年度建字第31號,0,損害賠償等
256,臺灣臺北地方法院民事判決109年度建字第53號,0.214337003,給付工程款
257,臺灣臺北地方法院民事判決110年度建字第86號,,給付工程款
258,臺灣苗栗地方法院民事判決110年度建字第9號,1,給付工程款
259,臺灣雲林地方法院民事判決109年度建字第10號,0.786683333,給付工程款
260,臺灣高雄地方法院民事判決108年度建字第29號,0.038629079,給付工程款
261,臺灣南投地方法院民事判決109年度建字第3號,0.539721774,給付工程款
262,臺灣嘉義地方法院民事判決108年度建字第16號,0.473828653,給付逾期違約金等
263,臺灣嘉義地方法院民事判決109年度建字第26號,0,返還履約保證金
264,臺灣基隆地方法院民事判決109年度建字第13號,0,給付工程款
265,臺灣基隆地方法院民事判決110年度建字第4號,0,返還溢收工程款等
266,臺灣士林地方法院民事判決107年度建字第9號,,給付工程款
267,臺灣士林地方法院民事判決110年度建字第5號,,履行承攬契約等
268,臺灣宜蘭地方法院民事判決107年度建字第20號,,給付工程款
269,臺灣宜蘭地方法院民事判決108年度建字第7號,,不當得利等
270,臺灣屏東地方法院民事判決109年度建字第31號,1,給付工程款
271,臺灣新北地方法院民事判決108年度建字第119號,0.913475625,給付工程款
272,臺灣新竹地方法院民事判決107年度建字第72號,,給付工程款
273,臺灣新竹地方法院民事判決110年度建字第21號,1,給付工程款
274,臺灣桃園地方法院民事判決103年度建字第37號,0.986307098,給付工程款
275,臺灣桃園地方法院民事判決108年度建字第107號,0.031356784,損害賠償
276,臺灣桃園地方法院民事判決109年度建字第119號,0.628160063,返還不當得利
277,臺灣橋頭地方法院民事判決109年度建字第37號,,返還溢領工程款等
278,臺灣臺中地方法院民事判決107年度建字第166號,0,給付工程款
279,臺灣臺中地方法院民事判決107年度建字第8號,0.160295833,給付懲罰性違約金等
280,臺灣臺中地方法院民事判決108年度建字第154號,0,給付工程款
281,臺灣臺中地方法院民事判決108年度建字第22號,0,給付工程款
282,臺灣臺中地方法院民事判決108年度建字第3號,,給付工程款等
283,臺灣臺中地方法院民事判決108年度建字第76號,0,給付工程款等
284,臺灣臺中地方法院民事判決109年度建字第159號,0.047427605,給付承攬報酬
285,臺灣臺北地方法院民事判決104年度建字第415號,,給付工程款
286,臺灣臺北地方法院民事判決105年度建字第284號,0.784404074,給付工程款
287,臺灣臺北地方法院民事判決106年度建字第161號,0.4615147,損害賠償
288,臺灣臺北地方法院民事判決107年度建字第215號,,給付工程款等
289,臺灣臺北地方法院民事判決107年度建字第446號,0.448034478,給付代墊費用
290,臺灣臺北地方法院民事判決108年度建字第372號,0.681463069,給付承攬報酬
291,臺灣臺北地方法院民事判決108年度建字第71號,0.969142964,返還工程保固保證金
292,臺灣臺北地方法院民事判決109年度建字第133號,0,給付工程款
293,臺灣臺北地方法院民事判決109年度建字第182號,1,給付承攬報酬
294,臺灣臺北地方法院民事判決109年度建字第257號,0,給付工程款
295,臺灣臺北地方法院民事判決109年度建字第336號,1,給付工程款
296,臺灣臺北地方法院民事判決109年度建字第380號,0,給付工程款等
297,臺灣臺北地方法院民事判決109年度建字第83號,,確認工程款債權不存在
298,臺灣臺北地方法院民事判決109年度建字第84號,0.899999981,給付工程保留款等
299,臺灣臺北地方法院民事判決110年度建字第142號,1,返還工程款等
300,臺灣臺北地方法院民事判決110年度建字第43號,1,給付工程款
301,臺灣臺北地方法院民事判決110年度建字第48號,0.444444444,給付承攬報酬等
302,臺灣臺北地方法院民事判決110年度建字第62號,1,給付承攬報酬等
303,臺灣臺北地方法院民事判決110年度建字第63號,,給付承攬報酬等
304,臺灣臺北地方法院民事判決110年度建字第94號,,給付工程款等
305,臺灣臺南地方法院民事判決107年度建字第53號,0.5477592,請求損害賠償
306,臺灣臺南地方法院民事判決109年度建字第46號,,給付工程款
307,臺灣臺南地方法院民事判決110年度建字第25號,1,給付工程款
308,臺灣臺南地方法院民事判決110年度建字第35號,,給付工程款
309,臺灣雲林地方法院民事判決108年度建字第2號,0.304953925,損害賠償等
310,臺灣雲林地方法院民事判決109年度建字第4號,,給付違約金等
311,臺灣雲林地方法院民事判決109年度建字第7號,0.497441656,給付工程款
312,臺灣雲林地方法院民事判決110年度建字第2號,0,給付工程款
313,臺灣高雄地方法院民事判決107年度建字第69號,1,回復原狀
314,臺灣高雄地方法院民事判決108年度建字第47號,1,給付工程款
315,臺灣高雄地方法院民事判決109年度建字第43號,0.601915253,給付工程款
316,臺灣高雄地方法院民事判決110年度建字第1號,1,損害賠償
317,臺灣嘉義地方法院民事判決109年度建字第1號,0,給付工程款
318,臺灣嘉義地方法院民事判決110年度建字第15號,0,給付工程款
319,臺灣士林地方法院民事判決109年度建字第45號,,給付違約金
320,臺灣屏東地方法院民事判決108年度建字第31號,0.074639732,損害賠償等
321,臺灣屏東地方法院民事判決109年度建字第19號,,返還不當得利
322,臺灣彰化地方法院民事判決108年度建字第20號,0.978571111,給付工程款
323,臺灣新北地方法院民事判決107年度建字第106號,1,返還不當得利
324,臺灣新北地方法院民事判決109年度建字第73號,0,給付工程款
325,臺灣新北地方法院民事判決110年度建字第17號,0,給付工程款
326,臺灣新北地方法院民事判決110年度建字第6號,0.07276245,給付工程款
327,臺灣新竹地方法院民事判決106年度建字第30號,0.849712921,給付承攬報酬
328,臺灣新竹地方法院民事判決107年度建字第57號,,給付工程款
329,臺灣新竹地方法院民事判決108年度建字第43號,0.73266501,給付工程款
330,臺灣新竹地方法院民事判決109年度建字第10號,0,給付工程款
331,臺灣新竹地方法院民事判決109年度建字第29號,0.979873976,返還工程款
332,臺灣桃園地方法院民事判決109年度建字第20號,1,損害賠償
333,臺灣桃園地方法院民事判決109年度建字第45號,0,給付工程款
334,臺灣桃園地方法院民事判決109年度建字第81號,0.536803665,給付工程款
335,臺灣桃園地方法院民事判決109年度建字第88號,0.369727275,給付工程款
336,臺灣桃園地方法院民事判決110年度建字第35號,,給付貨款
337,臺灣橋頭地方法院民事判決109年度建字第39號,,給付工程款
338,臺灣臺中地方法院民事判決105年度建字第114號,0,給付工程款
339,臺灣臺中地方法院民事判決106年度建字第77號,0.33007168,給付工程款
340,臺灣臺中地方法院民事判決107年度建字第100號,0,損害賠償
341,臺灣臺中地方法院民事判決108年度建字第124號,1,給付工程款
342,臺灣臺中地方法院民事判決108年度建字第79號,0.035521679,給付工程款
343,臺灣臺中地方法院民事判決109年度建字第150號,0.621473087,給付承攬報酬
344,臺灣臺中地方法院民事判決109年度建字第45號,0,給付工程費用等
345,臺灣臺中地方法院民事判決109年度建字第65號,0.910721778,給付工程款等
346,臺灣臺中地方法院民事判決110年度建字第28號,,給付承攬報酬
347,臺灣臺北地方法院民事判決106年度建字第317號,,給付承攬報酬
348,臺灣臺北地方法院民事判決106年度建字第33號,0.866159436,給付工程款
349,臺灣臺北地方法院民事判決108年度建字第236號,0.505833212,給付工程款等
350,臺灣臺北地方法院民事判決109年度建字第122號,0,繼續履行工程契約
351,臺灣臺北地方法院民事判決109年度建字第124號,0.940865279,給付工程款
352,臺灣臺北地方法院民事判決109年度建字第331號,0,給付物價調整工程款
353,臺灣臺北地方法院民事判決109年度建字第353號,0.984138387,給付工程款
354,臺灣臺北地方法院民事判決109年度建字第373號,0.623292737,給付工程款等
355,臺灣臺北地方法院民事判決110年度建字第113號,1,給付工程保留款
356,臺灣臺北地方法院民事判決110年度建字第129號,1,給付工程款
357,臺灣臺北地方法院民事判決110年度建字第169號,0.393319873,返還工程款
358,臺灣臺北地方法院民事判決110年度建字第61號,1,給付承攬報酬
359,臺灣臺南地方法院民事判決107年度建字第24號,,返還工程款等
360,臺灣臺南地方法院民事判決108年度建字第50號,0,請求履行契約等
361,臺灣臺南地方法院民事判決109年度建字第47號,0,請求損害賠償
362,臺灣臺南地方法院民事判決110年度建字第24號,0,請求損害賠償
363,臺灣苗栗地方法院民事判決109年度建字第9號,0,給付服務費
364,臺灣高雄地方法院民事判決107年度建字第30號,0.561755233,給付工程款
365,福建金門地方法院民事判決108年度訴建字第5號,0,給付工程款
366,臺灣嘉義地方法院民事判決108年度建字第24號,0,給付工程款
367,臺灣嘉義地方法院民事判決110年度建字第10號,0,給付承攬報酬
368,臺灣嘉義地方法院民事判決110年度建字第28號,1,給付工程款
369,臺灣嘉義地方法院民事判決110年度建字第7號,0.356708247,給付報酬
370,臺灣士林地方法院民事判決107年度建字第52號,0.147935217,返還不當得利等
371,臺灣士林地方法院民事判決110年度建字第18號,0,返還工程款等
372,臺灣彰化地方法院民事判決110年度建字第31號,,損害賠償
373,臺灣新北地方法院民事判決106年度建字第58號,0.009073574,給付工程款
374,臺灣新北地方法院民事判決109年度建字第23號,0.204231554,損害賠償等
375,臺灣新北地方法院民事判決110年度建字第29號,1,給付工程款
376,臺灣新竹地方法院民事判決108年度建字第47號,0.024302725,給付工程款
377,臺灣新竹地方法院民事判決110年度建字第11號,0.945269091,給付工程款
378,臺灣新竹地方法院民事判決110年度建字第28號,,損害賠償
379,臺灣桃園地方法院民事判決108年度建字第106號,0,損害賠償
380,臺灣桃園地方法院民事判決108年度建字第81號,0.901764437,履行契約等
381,臺灣桃園地方法院民事判決109年度建字第58號,,確認工程債權存在
382,臺灣橋頭地方法院民事判決109年度建字第6號,0,損害賠償
383,臺灣臺中地方法院民事判決107年度建字第116號,0,給付工程款
384,臺灣臺中地方法院民事判決107年度建字第15號,0.519628839,給付工程款
385,臺灣臺中地方法院民事判決108年度建字第146號,0.1725127,給付工程款
386,臺灣臺中地方法院民事判決109年度建字第15號,,追減工程款
387,臺灣臺中地方法院民事判決109年度建字第3號,0,給付工程款
388,臺灣臺中地方法院民事判決109年度建字第58號,,給付工程款
389,臺灣臺中地方法院民事判決110年度建字第19號,,確認工程款債權存在
390,臺灣臺中地方法院民事判決110年度建字第27號,0,給付工程款等
391,臺灣臺北地方法院民事判決106年度建字第362號,0.451827905,給付工程款
392,臺灣臺北地方法院民事判決108年度建字第262號,0,給付工程款
393,臺灣臺北地方法院民事判決109年度建字第158號,0.069564664,給付工程款
394,臺灣臺北地方法院民事判決109年度建字第180號,,返還工程款等
395,臺灣臺北地方法院民事判決110年度建字第117號,1,給付工程保留款
396,臺灣臺北地方法院民事判決110年度建字第40號,1,給付工程款等
397,臺灣臺北地方法院民事判決110年度建字第55號,0,給付承攬報酬
398,臺灣臺北地方法院民事判決110年度建字第92號,0.98531964,損害賠償等
399,臺灣臺南地方法院民事判決109年度建字第38號,0.485757164,給付工程款
400,臺灣臺南地方法院民事判決109年度建字第83號,0.377883727,給付工程違約金等
401,臺灣臺南地方法院民事判決110年度建字第20號,0.879547675,給付溢付工程款等
402,臺灣臺南地方法院民事判決110年度建字第43號,1,給付工程款
403,臺灣苗栗地方法院民事判決110年度建字第15號,,損害賠償等
404,臺灣苗栗地方法院民事判決110年度建字第16號,0,給付工程款
405,臺灣雲林地方法院民事判決109年度建字第8號,0,返還履約保證金等
406,臺灣雲林地方法院民事判決110年度建字第10號,,返還工程款
407,臺灣高雄地方法院民事判決109年度建字第10號,0,給付違約金
408,臺灣高雄地方法院民事判決109年度建字第62號,0,給付工程款
409,臺灣高雄地方法院民事判決110年度建字第15號,0,給付工程款
410,福建金門地方法院民事判決110年度建字第1號,,給付工程款
411,臺灣嘉義地方法院民事判決109年度建字第11號,0,確認承攬契約不存在等
412,臺灣嘉義地方法院民事判決110年度建字第13號,0.062324768,給付工程款
413,臺灣嘉義地方法院民事判決110年度建字第19號,,返還價金等
414,臺灣嘉義地方法院民事判決110年度建字第32號,,給付工程款
415,臺灣士林地方法院民事判決110年度建字第31號,0,給付工程款
416,臺灣屏東地方法院民事判決107年度建字第16號,0,給付工程款
417,臺灣屏東地方法院民事判決109年度建字第20號,0.919813968,給付工程款
418,臺灣彰化地方法院民事判決107年度建字第11號,0.639764849,返還履約保證金等
419,臺灣新北地方法院民事判決106年度建字第143號,0,損害賠償等
420,臺灣新北地方法院民事判決109年度建字第36號,0.563043719,給付工程款等
421,臺灣新竹地方法院民事判決107年度建字第19號,0,給付工程款
422,臺灣新竹地方法院民事判決110年度建字第16號,1,給付工程款
423,臺灣桃園地方法院民事判決107年度建字第70號,0.193323547,給付承攬報酬等
424,臺灣桃園地方法院民事判決109年度建字第43號,0,給付工程款
425,臺灣桃園地方法院民事判決109年度建字第47號,0,給付工程款等
426,臺灣桃園地方法院民事判決109年度建字第67號,0.113656244,返還履約保證金
427,臺灣桃園地方法院民事判決109年度建字第69號,,給付工程款
428,臺灣桃園地方法院民事判決110年度建字第63號,0.213117082,給付承攬報酬
429,臺灣桃園地方法院民事判決110年度建字第65號,,返還工程款等
430,臺灣桃園地方法院民事判決110年度建字第67號,0,返還不當得利
431,臺灣桃園地方法院民事判決110年度建字第80號,0.981963928,返還工程款
432,臺灣橋頭地方法院民事判決109年度建字第30號,0.648278486,給付工程款等
433,臺灣橋頭地方法院民事判決110年度建字第23號,,給付工程款
434,臺灣臺中地方法院民事判決107年度建字第72號,0.010865805,返還承攬報酬
435,臺灣臺中地方法院民事判決108年度建字第112號,0.40843238,所有物返還
436,臺灣臺中地方法院民事判決109年度建字第161號,0,給付工程保險費
437,臺灣臺中地方法院民事判決110年度建字第18號,0.996084363,給付工程款
438,臺灣臺北地方法院民事判決106年度建字第233號,0.047099243,給付工程款等
439,臺灣臺北地方法院民事判決107年度建字第379號,0.429743465,給付工程款
440,臺灣臺北地方法院民事判決107年度建字第52號,,給付工程款
441,臺灣臺北地方法院民事判決108年度建字第367號,0.706289988,返還工程保留款
442,臺灣臺北地方法院民事判決108年度建字第72號,0.515979781,給付工程款
443,臺灣臺北地方法院民事判決109年度建字第146號,0,損害賠償
444,臺灣臺北地方法院民事判決109年度建字第152號,,給付工程款
445,臺灣臺北地方法院民事判決109年度建字第288號,1,給付工程款
446,臺灣臺北地方法院民事判決109年度建字第38號,,確認債權存在等
447,臺灣臺北地方法院民事判決109年度建字第91號,,確認工程款債權存在
448,臺灣臺北地方法院民事判決110年度建字第116號,0,給付工程款等
449,臺灣臺北地方法院民事判決110年度建字第137號,0,給付工程款
450,臺灣臺北地方法院民事判決110年度建字第164號,0,給付工程款
451,臺灣臺北地方法院民事判決110年度建字第202號,1,給付工程款
452,臺灣臺北地方法院民事判決110年度建字第204號,0.000548387,給付工程款
453,臺灣臺北地方法院民事判決110年度建字第210號,1,給付承攬報酬
454,臺灣臺北地方法院民事判決110年度建字第222號,,給付工程款
455,臺灣臺北地方法院民事判決110年度建字第54號,0.472283199,返還工程代墊款
456,臺灣臺北地方法院民事判決110年度建字第76號,,損害賠償
457,臺灣臺北地方法院民事判決110年度建字第78號,1,給付遲延利息
458,臺灣臺南地方法院民事判決109年度建字第70號,0,給付工程款
459,臺灣臺南地方法院民事判決110年度建字第29號,0.307255977,債務不履行損害賠償
460,臺灣臺南地方法院民事判決110年度建字第33號,,給付承攬報酬等
461,臺灣臺東地方法院民事判決107年度建字第16號,0.028892432,不當得利事件
462,臺灣苗栗地方法院民事判決110年度建字第8號,,給付承攬報酬
463,臺灣雲林地方法院民事判決109年度建字第6號,0,返還工程款
464,臺灣高雄地方法院民事判決108年度建字第87號,0.704514364,返還工程款等
465,臺灣高雄地方法院民事判決110年度建字第25號,0.468050468,返還訂金等
466,臺灣新北地方法院板橋簡易庭民事判決110年度建字第4號,0,修復漏水等
467,福建金門地方法院民事判決108年度建字第6號,0.10570437,給付工程款
468,臺灣嘉義地方法院民事判決108年度建字第23號,,清償借款等
469,臺灣嘉義地方法院民事判決108年度建字第26號,,給付工程款
470,臺灣嘉義地方法院民事判決110年度建字第18號,0,給付工程款
471,臺灣基隆地方法院民事判決106年度建字第21號,0.812420522,給付工程款
472,臺灣基隆地方法院民事判決108年度建字第13號,,給付工程款
473,臺灣基隆地方法院民事判決110年度建字第5號,0.330419023,給付工程款
474,臺灣士林地方法院民事判決107年度建字第30號,0.015871412,損害賠償
475,臺灣士林地方法院民事判決108年度建字第45號,0.986445876,給付工程款
476,臺灣士林地方法院民事判決109年度建字第5號,1,給付工程款
477,臺灣士林地方法院民事判決110年度建字第14號,,給付工程款
478,臺灣士林地方法院民事判決110年度建字第2號,0,損害賠償
479,臺灣彰化地方法院民事判決107年度建字第24號,0.106749705,給付展延工期管理費等
480,臺灣彰化地方法院民事判決107年度建字第30號,,給付工程款
481,臺灣彰化地方法院民事判決110年度建字第23號,,返還承攬報酬等
482,臺灣新北地方法院民事判決107年度建字第2號,1,給付工程款等
483,臺灣新北地方法院民事判決109年度建字第15號,0,給付工程款
484,臺灣新北地方法院民事判決109年度建字第82號,0.150731836,給付工程款
485,臺灣新北地方法院民事判決109年度建字第95號,0.75,給付工程款
486,臺灣新北地方法院民事判決110年度建字第24號,0,給付工程款
487,臺灣新竹地方法院民事判決108年度建字第23號,0,給付違約金等
488,臺灣新竹地方法院民事判決109年度建字第21號,0,給付工程款等
489,臺灣新竹地方法院民事判決109年度建字第22號,0,損害賠償
490,臺灣新竹地方法院民事判決109年度建字第45號,0,給付工程款
491,臺灣桃園地方法院民事判決109年度建字第113號,1,給付工程款
492,臺灣桃園地方法院民事判決109年度建字第128號,1,給付工程款
493,臺灣桃園地方法院民事判決109年度建字第138號,0.363636364,損害賠償
494,臺灣桃園地方法院民事判決109年度建字第6號,0,給付工程保留款
495,臺灣桃園地方法院民事判決109年度建字第70號,0,給付工程款
496,臺灣桃園地方法院民事判決110年度建字第74號,0,返還履約保證金
497,臺灣桃園地方法院民事判決110年度建字第78號,1,返還溢領工程款等
498,臺灣桃園地方法院民事判決110年度建字第85號,,辦理抵押權設定登記
499,臺灣橋頭地方法院民事判決109年度建字第40號,1,給付工程款等
500,臺灣橋頭地方法院民事判決110年度建字第12號,0,給付工程款
501,臺灣橋頭地方法院民事判決110年度建字第19號,,給付工程款
502,臺灣臺中地方法院民事判決109年度建字第141號,0.942304703,給付工程款
503,臺灣臺中地方法院民事判決109年度建字第163號,0,給付工程款
504,臺灣臺中地方法院民事判決109年度建字第70號,0.595802804,給付工程款
505,臺灣臺中地方法院民事判決109年度建字第90號,0.851086,給付工程款
506,臺灣臺中地方法院民事判決110年度建字第67號,,給付工程款
507,臺灣臺中地方法院民事判決110年度建字第80號,0,給付工程款
508,臺灣臺北地方法院民事判決105年度建字第400號,0.222552367,給付工程款等
509,臺灣臺北地方法院民事判決105年度建字第414號,0.730709768,給付工程款
510,臺灣臺北地方法院民事判決107年度建字第264號,0.144580819,給付工程款
511,臺灣臺北地方法院民事判決107年度建字第335號,0,給付工程款
512,臺灣臺北地方法院民事判決108年度建字第135號,0.999949475,給付工程款
513,臺灣臺北地方法院民事判決108年度建字第184號,0,給付工程款
514,臺灣臺北地方法院民事判決108年度建字第210號,0.810758422,給付工程款
515,臺灣臺北地方法院民事判決108年度建字第222號,0.109746971,給付承攬報酬
516,臺灣臺北地方法院民事判決108年度建字第273號,0.856967339,給付工程款
517,臺灣臺北地方法院民事判決108年度建字第327號,0.323824944,給付承攬報酬
518,臺灣臺北地方法院民事判決109年度建字第14號,0.888432234,給付工程款
519,臺灣臺北地方法院民事判決109年度建字第153號,0.884026612,給付追加工程款
520,臺灣臺北地方法院民事判決109年度建字第167號,1,返還代墊工程款
521,臺灣臺北地方法院民事判決109年度建字第306號,0.93595841,給付工程款等
522,臺灣臺北地方法院民事判決109年度建字第358號,0,給付工程款
523,臺灣臺北地方法院民事判決109年度建字第369號,0,給付工程款
524,臺灣臺北地方法院民事判決110年度建字第107號,0.783762858,給付工程款等
525,臺灣臺北地方法院民事判決110年度建字第160號,1,給付工程款
526,臺灣臺北地方法院民事判決110年度建字第272號,1,給付工程款
527,臺灣臺北地方法院民事判決110年度建字第82號,,給付工程款
528,臺灣臺北地方法院民事判決110年度建字第93號,0,給付工程款
529,臺灣臺南地方法院民事判決106年度建字第15號,,給付工程款
530,臺灣臺南地方法院民事判決106年度建字第6號,0.821376992,給付工程款
531,臺灣臺南地方法院民事判決110年度建字第36號,1,給付工程款
532,臺灣臺南地方法院民事判決110年度建字第47號,0,請求損害賠償
533,臺灣臺南地方法院民事判決110年度建字第6號,,給付工程款
534,臺灣臺南地方法院民事判決110年度建字第62號,1,給付工程款
535,臺灣花蓮地方法院民事判決109年度建字第5號,0,給付承攬報酬
536,臺灣花蓮地方法院民事判決109年度建字第6號,0.117516653,給付承攬報酬等
537,臺灣花蓮地方法院民事判決110年度建字第5號,0,返還工程款等
538,臺灣高雄地方法院民事判決109年度建字第29號,0,給付工程款
539,臺灣高雄地方法院民事判決109年度建字第57號,0.232228924,給付工程款
540,臺灣高雄地方法院民事判決110年度建字第4號,0.985528506,給付工程款
541,臺灣南投地方法院民事判決107年度建字第7號,0.206417592,給付工程款
542,臺灣士林地方法院民事判決109年度建字第59號,0,給付工程款
543,臺灣士林地方法院民事判決110年度建字第36號,0,給付契約價金
544,臺灣宜蘭地方法院民事判決110年度建字第3號,0.756769036,給付工程款
545,臺灣宜蘭地方法院民事判決110年度建字第4號,0,給付工程款
546,臺灣屏東地方法院民事判決109年度建字第18號,0.673119552,給付工程款
547,臺灣屏東地方法院民事判決110年度建字第11號,0.999990232,給付承攬報酬等
548,臺灣彰化地方法院民事判決109年度建字第10號,0.600983018,給付工程款等
549,臺灣新竹地方法院民事判決107年度建字第21號,0.175095311,給付承攬報酬等
550,臺灣新竹地方法院民事判決107年度建字第53號,,給付工程款
551,臺灣新竹地方法院民事判決109年度建字第11號,,履行契約等
552,臺灣新竹地方法院民事判決110年度建字第29號,0,給付工程款等
553,臺灣桃園地方法院民事判決107年度建字第35號,0,給付工程款
554,臺灣桃園地方法院民事判決108年度建字第100號,0.96781166,給付工程款
555,臺灣桃園地方法院民事判決109年度建字第17號,1,解除契約
556,臺灣桃園地方法院民事判決109年度建字第61號,0,給付承攬報酬
557,臺灣桃園地方法院民事判決110年度建字第13號,0.980937644,損害賠償
558,臺灣桃園地方法院民事判決110年度建字第69號,1,給付金錢
559,臺灣桃園地方法院民事判決110年度建字第73號,1,返還不當得利
560,臺灣橋頭地方法院民事判決110年度建字第18號,0,給付工程款
561,臺灣臺中地方法院民事判決106年度建字第62號,0.999790053,給付工程款
562,臺灣臺中地方法院民事判決108年度建字第145號,0,給付工程款等
563,臺灣臺中地方法院民事判決109年度建字第148號,0.973337282,返還不當得利
564,臺灣臺中地方法院民事判決109年度建字第153號,0.943281053,給付工程款等
565,臺灣臺中地方法院民事判決109年度建字第22號,0.317969517,給付工程款
566,臺灣臺中地方法院民事判決109年度建字第28號,0.953185025,給付工程款
567,臺灣臺中地方法院民事判決110年度建字第11號,,給付工程款等
568,臺灣臺中地方法院民事判決110年度建字第30號,,給付工程款
569,臺灣臺中地方法院民事判決110年度建字第34號,0,清償工程款
570,臺灣臺中地方法院民事判決110年度建字第47號,0,返還履約保證金等
571,臺灣臺中地方法院民事判決110年度建字第8號,0.319538271,返還簽約金
572,臺灣臺北地方法院民事判決108年度建字第237號,0.955116828,損害賠償等
573,臺灣臺北地方法院民事判決108年度建字第352號,,損害賠償
574,臺灣臺北地方法院民事判決109年度建字第160號,0.147443541,給付工程尾款
575,臺灣臺北地方法院民事判決109年度建字第309號,,返還工程款
576,臺灣臺北地方法院民事判決109年度建字第317號,0,債務不履行損害賠償
577,臺灣臺北地方法院民事判決109年度建字第59號,,給付承攬報酬
578,臺灣臺北地方法院民事判決109年度建字第89號,0,給付工程款
579,臺灣臺北地方法院民事判決110年度建字第118號,1,給付工程款等
580,臺灣臺北地方法院民事判決110年度建字第23號,,給付工程款
581,臺灣臺北地方法院民事判決110年度建字第244號,1,履行契約
582,臺灣臺北地方法院民事判決110年度建字第75號,0,給付工程款
583,臺灣臺南地方法院民事判決110年度建字第11號,,給付工程款
584,臺灣苗栗地方法院民事判決110年度建字第21號,0,給付服務費用等
585,臺灣雲林地方法院民事判決110年度建字第8號,0,給付承纜報酬
586,臺灣高雄地方法院民事判決108年度建字第44號,0.14940495,損害賠償
587,臺灣高雄地方法院民事判決109年度建字第48號,0.519964059,給付工程款
588,臺灣高雄地方法院民事判決109年度建字第65號,0,給付工程款
589,臺灣高雄地方法院民事判決109年度建字第82號,0.978361308,給付工程款
590,臺灣高雄地方法院民事判決110年度建字第13號,,解除契約等
591,臺灣高雄地方法院民事判決110年度建字第14號,0,給付展延工期費用等
592,臺灣南投地方法院民事判決107年度建字第2號,0,損害賠償
593,臺灣士林地方法院民事判決109年度建字第24號,0.908012249,給付承攬報酬
594,臺灣彰化地方法院民事判決107年度建字第19號,0.701669852,給付工程款
595,臺灣新北地方法院民事判決104年度建字第170號,0,損害賠償
596,臺灣新北地方法院民事判決105年度建字第88號,,給付工程款
597,臺灣新北地方法院民事判決106年度建字第69號,0.270406436,給付工程款
598,臺灣新北地方法院民事判決109年度建字第1號,0.570260749,給付工程款
599,臺灣新北地方法院民事判決109年度建字第96號,1,給付工程款
600,臺灣桃園地方法院民事判決108年度建字第126號,0,給付承攬報酬
601,臺灣桃園地方法院民事判決110年度建字第20號,1,給付工程款
602,臺灣桃園地方法院民事判決110年度建字第5號,0,給付工程款
603,臺灣桃園地方法院民事判決110年度建字第90號,0,返還工程款
604,臺灣桃園地方法院民事判決110年度建字第99號,1,給付工程款
605,臺灣橋頭地方法院民事判決110年度建字第24號,0,損害賠償
606,臺灣臺中地方法院民事判決109年度建字第112號,0,給付工程款
607,臺灣臺中地方法院民事判決109年度建字第127號,0,給付工程款
608,臺灣臺中地方法院民事判決109年度建字第144號,0.90014489,損害賠償
609,臺灣臺中地方法院民事判決109年度建字第7號,0.302759036,給付工程款
610,臺灣臺中地方法院民事判決110年度建字第6號,0,給付工程保留款
611,臺灣臺中地方法院民事判決110年度建字第76號,0,損害賠償
612,臺灣臺中地方法院民事判決110年度建字第94號,,給付工程款
613,臺灣臺北地方法院民事判決106年度建字第3號,0,返還工程保留款等
614,臺灣臺北地方法院民事判決106年度建字第321號,0.167679282,給付工程款等
615,臺灣臺北地方法院民事判決107年度建字第132號,0.738750586,給付承攬報酬
616,臺灣臺北地方法院民事判決107年度建字第83號,0,給付工程款
617,臺灣臺北地方法院民事判決109年度建字第193號,0.540732675,給付工程款
618,臺灣臺北地方法院民事判決109年度建字第308號,0.039122331,給付工程款等
619,臺灣臺北地方法院民事判決109年度建字第352號,,給付承攬報酬
620,臺灣臺北地方法院民事判決109年度建字第79號,,給付工程款
621,臺灣臺北地方法院民事判決110年度建字第18號,1,給付工程款
622,臺灣臺北地方法院民事判決110年度建字第225號,0,給付工程款
623,臺灣臺北地方法院民事判決110年度建字第60號,0.939126013,給付工程保留款
624,臺灣臺北地方法院民事判決110年度建字第64號,,給付工程款等
625,臺灣臺北地方法院民事判決110年度建字第66號,0,給付工程款
626,臺灣臺南地方法院民事判決109年度建字第42號,,給付工程款
627,臺灣臺南地方法院民事判決109年度建字第79號,1,給付工程款
628,臺灣臺南地方法院民事判決110年度建字第65號,1,返還工程款
629,臺灣臺南地方法院民事判決110年度建字第7號,,返還履約保證金等
630,臺灣臺東地方法院民事判決109年度建字第4號,0,損害賠償
631,臺灣花蓮地方法院民事判決110年度建字第7號,0,給付承攬報酬
632,臺灣苗栗地方法院民事判決109年度建字第10號,,給付承攬報酬
633,臺灣苗栗地方法院民事判決110年度建字第13號,0,給付工程款等
634,臺灣苗栗地方法院民事判決110年度建字第6號,,給付遲延利息等
635,臺灣高雄地方法院民事判決106年度建字第24號,0.126943634,損害賠償等
636,臺灣高雄地方法院民事判決109年度建字第47號,0.401390312,給付工程款
637,臺灣高雄地方法院民事判決109年度建字第73號,1,損害賠償
638,臺灣新北地方法院民事判決110年度建字第62號,,給付契約代墊款
639,臺灣南投地方法院民事判決108年度建字第19號,0.975962304,給付工程款
640,臺灣南投地方法院民事判決109年度建字第11號,0,損害賠償
641,臺灣南投地方法院民事判決110年度建字第7號,0.033292642,給付工程款
642,臺灣嘉義地方法院民事判決110年度建字第24號,,給付工程款
643,臺灣嘉義地方法院民事判決110年度建字第6號,,給付工程款
644,臺灣基隆地方法院民事判決108年度建字第16號,1,給付工程款
645,臺灣基隆地方法院民事判決110年度建字第6號,1,給付履約保證金等
646,臺灣宜蘭地方法院民事判決109年度建字第7號,0.098183459,給付工程款
647,臺灣屏東地方法院民事判決108年度建字第37號,0.43360927,給付工程款等
648,臺灣屏東地方法院民事判決109年度建字第11號,0.851375209,給付承攬報酬
649,臺灣屏東地方法院民事判決110年度建字第29號,,返還工程款等
650,臺灣彰化地方法院民事判決110年度建字第34號,,給付承攬報酬
651,臺灣新北地方法院民事判決108年度建字第108號,,給付工程款
652,臺灣新北地方法院民事判決108年度建字第98號,0.300877277,給付承攬報酬
653,臺灣新北地方法院民事判決110年度建字第37號,0.467126344,給付工程款
654,臺灣新竹地方法院民事判決110年度建字第17號,,損害賠償
655,臺灣新竹地方法院民事判決110年度建字第18號,0,給付工程款
656,臺灣新竹地方法院民事判決110年度建字第40號,0.955283562,給付工程款
657,臺灣桃園地方法院民事判決107年度建字第136號,0.1568038,給付承攬報酬
658,臺灣桃園地方法院民事判決109年度建字第146號,0.737708399,給付工程款
659,臺灣桃園地方法院民事判決109年度建字第50號,0.574505419,給付工程款
660,臺灣桃園地方法院民事判決109年度建字第72號,0.164,給付違約金
661,臺灣桃園地方法院民事判決109年度建字第98號,,給付報酬
662,臺灣桃園地方法院民事判決110年度建字第110號,0,給付工程款
663,臺灣桃園地方法院民事判決110年度建字第16號,0.863248597,返還工程款
664,臺灣桃園地方法院民事判決110年度建字第51號,,給付工程款
665,臺灣桃園地方法院民事判決110年度建字第68號,1,給付承攬報酬
666,臺灣桃園地方法院民事判決110年度建字第87號,1,損害賠償
667,臺灣橋頭地方法院民事判決109年度建字第38號,1,給付工程款
668,臺灣橋頭地方法院民事判決109年度建字第44號,0,損害賠償
669,臺灣橋頭地方法院民事判決109年度建字第46號,0.637333847,給付工程款
670,臺灣臺中地方法院民事判決107年度建字第70號,0,給付工程款
671,臺灣臺中地方法院民事判決109年度建字第75號,0,給付工程款
672,臺灣臺中地方法院民事判決109年度建字第93號,0.049702551,給付工程款等
673,臺灣臺中地方法院民事判決110年度建字第39號,0.809200556,給付工程款
674,臺灣臺中地方法院民事判決110年度建字第41號,,給付工程款
675,臺灣臺北地方法院民事判決105年度建字第401號,0.206035922,給付工程款等
676,臺灣臺北地方法院民事判決106年度建字第59號,0.680292995,給付工程款
677,臺灣臺北地方法院民事判決108年度建字第224號,0.239721215,損害賠償
678,臺灣臺北地方法院民事判決108年度建字第323號,0.000778868,給付工程款
679,臺灣臺北地方法院民事判決108年度建字第325號,0.24342868,給付工程款
680,臺灣臺北地方法院民事判決108年度建字第408號,0,給付承攬報酬
681,臺灣臺北地方法院民事判決108年度建字第427號,0,給付工程款
682,臺灣臺北地方法院民事判決109年度建字第10號,0.893174006,返還溢領工程款
683,臺灣臺北地方法院民事判決109年度建字第131號,0,返還工程款等
684,臺灣臺北地方法院民事判決109年度建字第300號,0,給付工程保固保證金
685,臺灣臺北地方法院民事判決109年度建字第359號,,返還承攬報酬等
686,臺灣臺北地方法院民事判決109年度建字第361號,0,返還工程履約保證金等
687,臺灣臺北地方法院民事判決109年度建字第381號,1,給付工程款等
688,臺灣臺北地方法院民事判決110年度建字第10號,,給付工程款等
689,臺灣臺北地方法院民事判決110年度建字第115號,0,給付工程款
690,臺灣臺北地方法院民事判決110年度建字第190號,0,返還工程款等
691,臺灣臺北地方法院民事判決110年度建字第209號,0.751235924,返還不當得利
692,臺灣臺北地方法院民事判決110年度建字第254號,0.873178333,給付工程款
693,臺灣臺北地方法院民事判決110年度建字第257號,,給付工程款
694,臺灣臺北地方法院民事判決110年度建字第273號,0,給付工程款等
695,臺灣臺北地方法院民事判決110年度建字第313號,0.951450433,給付工程款
696,臺灣臺北地方法院民事判決110年度建字第38號,0.982614383,給付工程款
697,臺灣臺北地方法院民事判決110年度建字第51號,0.902465605,返還工程保證金等
698,臺灣臺北地方法院民事判決110年度建字第96號,0.691666667,給付工程款
699,臺灣臺南地方法院民事判決109年度建字第52號,1,損害賠償
700,臺灣臺南地方法院民事判決110年度建字第14號,0.669264861,給付工程款
701,臺灣臺南地方法院民事判決110年度建字第32號,0.212536551,請求損害賠償
702,臺灣臺南地方法院民事判決110年度建字第58號,1,給付工程款
703,臺灣苗栗地方法院民事判決110年度建字第25號,1,給付工程款
704,臺灣雲林地方法院民事判決110年度建字第6號,,損害賠償等
705,臺灣高雄地方法院民事判決109年度建字第77號,0,損害賠償
706,臺灣高雄地方法院民事判決110年度建字第22號,0.284276529,給付工程款
707,臺灣新北地方法院民事判決111年度建字第17號,,修復漏水
708,臺灣南投地方法院民事判決107年度建字第3號,0.928156084,給付工程款
709,臺灣嘉義地方法院民事判決105年度建字第34號,,給付承攬報酬
710,臺灣嘉義地方法院民事判決110年度建字第31號,1,返還工程款
711,臺灣基隆地方法院民事判決110年度建字第8號,,確認債權不存在
712,臺灣士林地方法院民事判決109年度建字第51號,0.627937383,給付工程款
713,臺灣彰化地方法院民事判決105年度建字第32號,,給付工程款
714,臺灣彰化地方法院民事判決111年度建字第9號,1,給付工程款
715,臺灣新北地方法院民事判決106年度建字第149號,0.175580438,給付工程款
716,臺灣新北地方法院民事判決107年度建字第130號,0.45310566,給付工程款
717,臺灣新北地方法院民事判決109年度建字第93號,0.102174712,給付工程款
718,臺灣新北地方法院民事判決110年度建字第21號,0.31236244,給付工程款
719,臺灣新北地方法院民事判決110年度建字第30號,1,給付承攬報酬
720,臺灣新北地方法院民事判決110年度建字第59號,,給付承攬報酬
721,臺灣新竹地方法院民事判決108年度建字第36號,0.956070865,給付工程款
722,臺灣新竹地方法院民事判決108年度建字第56號,,給付工程款等
723,臺灣新竹地方法院民事判決109年度建字第37號,0.065977164,返還工程款等
724,臺灣新竹地方法院民事判決109年度建字第37號,0.065977164,給付工程款等
725,臺灣新竹地方法院民事判決110年度建字第13號,1,給付工程款
726,臺灣桃園地方法院民事判決107年度建字第133號,0.204108562,給付承攬報酬
727,臺灣桃園地方法院民事判決109年度建字第23號,0,給付工程款
728,臺灣桃園地方法院民事判決109年度建字第32號,0.021257962,給付工程款
729,臺灣桃園地方法院民事判決109年度建字第55號,0.137102195,給付工程款
730,臺灣桃園地方法院民事判決110年度建字第29號,1,返還不當得利
731,臺灣桃園地方法院民事判決110年度建字第4號,0,給付工程款等
732,臺灣桃園地方法院民事判決110年度建字第44號,0,返還所有物等
733,臺灣桃園地方法院民事判決110年度建字第46號,0,給付工程款
734,臺灣橋頭地方法院民事判決109年度建字第3號,0.933569735,給付工程款等
735,臺灣橋頭地方法院民事判決110年度建字第17號,1,給付工程款
736,臺灣橋頭地方法院民事判決110年度建字第29號,0,解除契約等
737,臺灣臺中地方法院民事判決107年度建字第26號,0,給付工程款
738,臺灣臺中地方法院民事判決107年度建字第35號,0,損害賠償
739,臺灣臺中地方法院民事判決108年度建字第75號,0.337857996,給付工程款
740,臺灣臺中地方法院民事判決109年度建字第113號,0.784294668,給付工程款
741,臺灣臺中地方法院民事判決109年度建字第114號,0.507710818,返還不當得利等
742,臺灣臺中地方法院民事判決109年度建字第142號,0.23364931,給付工程款
743,臺灣臺中地方法院民事判決109年度建字第2號,1,給付工程款
744,臺灣臺中地方法院民事判決109年度建字第27號,0,給付工程款
745,臺灣臺中地方法院民事判決110年度建字第4號,0.918835377,給付工程款差額
746,臺灣臺北地方法院民事判決107年度建字第424號,0,給付工程款
747,臺灣臺北地方法院民事判決109年度建字第232號,0,給付工程款
748,臺灣臺北地方法院民事判決109年度建字第291號,0.327633746,返還工程保固金
749,臺灣臺北地方法院民事判決109年度建字第324號,0.333333333,損害賠償等
750,臺灣臺北地方法院民事判決110年度建字第130號,0.056993076,給付工程款
751,臺灣臺北地方法院民事判決110年度建字第148號,0.068505125,給付報酬等
752,臺灣臺北地方法院民事判決110年度建字第154號,0.364104574,給付承攬報酬等
753,臺灣臺北地方法院民事判決110年度建字第177號,0,給付逾期違約金
754,臺灣臺北地方法院民事判決110年度建字第20號,0.841634474,給付工程款等
755,臺灣臺北地方法院民事判決110年度建字第295號,0.892979537,給付工程款等
756,臺灣臺北地方法院民事判決110年度建字第306號,,給付工程款
757,臺灣臺北地方法院民事判決110年度建字第321號,1,給付工程款
758,臺灣臺北地方法院民事判決110年度建字第33號,0.283463591,給付工程款
759,臺灣臺北地方法院民事判決110年度建字第337號,1,損害賠償等
760,臺灣臺北地方法院民事判決110年度建字第348號,0.861393351,給付工程款
761,臺灣臺北地方法院民事判決111年度建字第2號,0,給付工程款等
762,臺灣臺北地方法院民事判決111年度建字第44號,1,給付承攬報酬
763,臺灣臺南地方法院民事判決108年度建字第24號,0.77508229,給付工程款
764,臺灣臺南地方法院民事判決109年度建字第35號,,給付工程款
765,臺灣臺南地方法院民事判決110年度建字第73號,0.540796964,返還工程款
766,臺灣臺南地方法院民事判決111年度建字第2號,0,給付工程款
767,臺灣花蓮地方法院民事判決111年度建字第4號,0.795372624,損害賠償等
768,臺灣苗栗地方法院民事判決110年度建字第22號,0,給付工程款
769,臺灣苗栗地方法院民事判決111年度建字第5號,,損害賠償
770,臺灣高雄地方法院民事判決109年度建字第17號,0,損害賠償
771,臺灣高雄地方法院民事判決109年度建字第56號,0.371926606,給付工程款
772,臺灣高雄地方法院民事判決111年度建字第12號,0,給付工程款
773,臺灣高雄地方法院民事判決111年度建字第7號,1,給付工程款
774,臺灣基隆地方法院民事判決109年度建字第23號,0,給付承攬報酬
775,臺灣基隆地方法院民事判決111年度建字第1號,0,給付違約金
776,臺灣屏東地方法院民事判決108年度建字第10號,0.625033889,清償債務
777,臺灣屏東地方法院民事判決108年度建字第30號,0.531185903,給付工程款
778,臺灣彰化地方法院民事判決108年度建字第26號,,給付工程款
779,臺灣彰化地方法院民事判決109年度建字第19號,1,給付工程款
780,臺灣新北地方法院民事判決108年度建字第128號,0,給付工程款
781,臺灣新北地方法院民事判決109年度建字第89號,0,給付工程款等
782,臺灣新竹地方法院民事判決109年度建字第35號,0.71580581,損害賠償
783,臺灣新竹地方法院民事判決110年度建字第15號,0.301045296,給付違約金
784,臺灣新竹地方法院民事判決110年度建字第35號,0.01754386,損害賠償
785,臺灣桃園地方法院民事判決108年度建字第124號,0.609429384,履行契約
786,臺灣桃園地方法院民事判決109年度建字第1號,0.230900667,返還不當得利
787,臺灣桃園地方法院民事判決109年度建字第135號,0,損害賠償
788,臺灣桃園地方法院民事判決110年度建字第100號,0,給付工程款
789,臺灣桃園地方法院民事判決110年度建字第105號,0,給付工程款
790,臺灣桃園地方法院民事判決110年度建字第106號,0.107139364,給付違約金
791,臺灣桃園地方法院民事判決110年度建字第114號,0.9291172,確認債權存在
792,臺灣桃園地方法院民事判決110年度建字第118號,0,返還工程款等
793,臺灣桃園地方法院民事判決110年度建字第53號,0.028064337,損害賠償
794,臺灣桃園地方法院民事判決110年度建字第58號,0,返還代墊款
795,臺灣橋頭地方法院民事判決110年度建字第28號,1,給付工程款
796,臺灣橋頭地方法院民事判決111年度建字第11號,0,給付工程款
797,臺灣臺中地方法院民事判決107年度建字第3號,1,給付工程款
798,臺灣臺中地方法院民事判決110年度建字第153號,0,給付工程款等
799,臺灣臺中地方法院民事判決110年度建字第157號,0.200222222,給付工程款
800,臺灣臺中地方法院民事判決110年度建字第33號,,損害賠償
801,臺灣臺北地方法院民事判決103年度建字第430號,0.063053653,給付工程款
802,臺灣臺北地方法院民事判決107年度建字第98號,,給付工程款等
803,臺灣臺北地方法院民事判決109年度建字第105號,0.492443702,給付工程款
804,臺灣臺北地方法院民事判決109年度建字第154號,0,損害賠償
805,臺灣臺北地方法院民事判決109年度建字第249號,0.099105635,給付工程款
806,臺灣臺北地方法院民事判決109年度建字第372號,0,損害賠償
807,臺灣臺北地方法院民事判決110年度建字第102號,0,給付工程款
808,臺灣臺北地方法院民事判決110年度建字第138號,0,給付工程款
809,臺灣臺北地方法院民事判決110年度建字第139號,,給付工程款等
810,臺灣臺北地方法院民事判決110年度建字第166號,0.988888226,給付工程款等
811,臺灣臺北地方法院民事判決110年度建字第220號,,給付委任業務費用
812,臺灣臺北地方法院民事判決110年度建字第238號,1,清償債務等
813,臺灣臺北地方法院民事判決110年度建字第258號,0.309540906,給付工程款等
814,臺灣臺北地方法院民事判決110年度建字第262號,0.062363716,履行契約等
815,臺灣臺北地方法院民事判決110年度建字第265號,0,給付工程款
816,臺灣臺北地方法院民事判決110年度建字第328號,0,損害賠償
817,臺灣臺北地方法院民事判決111年度建字第75號,0.999996325,給付工程款
818,臺灣臺南地方法院民事判決109年度建字第21號,0.919732364,給付工程款等
819,臺灣臺南地方法院民事判決109年度建字第5號,,給付承攬報酬
820,臺灣臺南地方法院民事判決109年度建字第54號,0,債務不履行損害賠償
821,臺灣臺南地方法院民事判決109年度建字第82號,,請求損害賠償
822,臺灣苗栗地方法院民事判決109年度建字第17號,0.340465923,給付工程款
823,臺灣高雄地方法院民事判決106年度建字第117號,0.867565958,給付承攬報酬
824,臺灣高雄地方法院民事判決108年度建字第37號,0.954897785,給付工程款
825,臺灣高雄地方法院民事判決108年度建字第83號,0,給付工程款
826,臺灣新北地方法院民事判決109年度建字第27號,0.356939623,解除契約返還工程款等
827,臺灣南投地方法院民事判決110年度建字第12號,0.318724537,返還工程款等
828,臺灣嘉義地方法院民事判決109年度建字第27號,0,損害賠償
829,臺灣嘉義地方法院民事判決110年度建字第16號,0,給付工程款
830,臺灣嘉義地方法院民事判決110年度建字第8號,1,償還修補必要費用
831,臺灣士林地方法院民事判決108年度建字第1號,0,給付工程款等
832,臺灣士林地方法院民事判決109年度建字第43號,0,給付承攬報酬
833,臺灣士林地方法院民事判決110年度建字第27號,0.485074486,損害賠償
834,臺灣宜蘭地方法院民事判決110年度建字第9號,,給付工程款
835,臺灣屏東地方法院民事判決109年度建字第30號,,交付買賣標的物
836,臺灣彰化地方法院民事判決107年度建字第30號,,給付工程款
837,臺灣彰化地方法院民事判決109年度建字第23號,0.992816348,給付工程款
838,臺灣新北地方法院民事判決109年度建字第66號,0.876720732,給付工程款
839,臺灣新北地方法院民事判決109年度建字第77號,,給付工程款
840,臺灣新北地方法院民事判決109年度建字第79號,0.217248936,給付工程款等
841,臺灣新竹地方法院民事判決107年度建字第71號,0.126940849,損害賠償等
842,臺灣新竹地方法院民事判決111年度建字第14號,0.073875,給付工程款等
843,臺灣桃園地方法院民事判決109年度建字第132號,0.486348348,給付工程款
844,臺灣桃園地方法院民事判決109年度建字第74號,,返還工程款等
845,臺灣桃園地方法院民事判決110年度建字第102號,0.888134546,給付價金等
846,臺灣桃園地方法院民事判決110年度建字第115號,0.738026316,清償債務
847,臺灣桃園地方法院民事判決110年度建字第119號,0,損害賠償
848,臺灣桃園地方法院民事判決111年度建字第11號,0.844494,返還工程款等
849,臺灣桃園地方法院民事判決111年度建字第28號,1,給付工程款
850,臺灣橋頭地方法院民事判決109年度建字第17號,0,返還預付報酬等
851,臺灣橋頭地方法院民事判決110年度建字第13號,1,給付違約金
852,臺灣臺中地方法院民事判決108年度建字第152號,,給付工程費用等
853,臺灣臺中地方法院民事判決109年度建字第136號,0.588341628,給付工程款
854,臺灣臺中地方法院民事判決109年度建字第139號,0,給付工程款
855,臺灣臺中地方法院民事判決110年度建字第123號,,給付工程款
856,臺灣臺中地方法院民事判決110年度建字第25號,0.89047619,給付工程款
857,臺灣臺中地方法院民事判決110年度建字第36號,,損害賠償
858,臺灣臺中地方法院民事判決110年度建字第37號,0,給付工程款
859,臺灣臺中地方法院民事判決110年度建字第40號,,給付工程分擔款
860,臺灣臺中地方法院民事判決110年度建字第56號,1,給付工程款
861,臺灣臺中地方法院民事判決111年度建字第19號,,給付承攬報酬
862,臺灣臺北地方法院民事判決109年度建字第213號,1,給付工程款
863,臺灣臺北地方法院民事判決109年度建字第226號,0.207984302,給付工程款等
864,臺灣臺北地方法院民事判決109年度建字第239號,0.535227033,給付工程款
865,臺灣臺北地方法院民事判決109年度建字第250號,0,給付工程款
866,臺灣臺北地方法院民事判決109年度建字第3號,,確認工程款債權存在
867,臺灣臺北地方法院民事判決110年度建字第179號,0.644444444,解除承攬契約
868,臺灣臺北地方法院民事判決110年度建字第200號,0,給付工程款
869,臺灣臺北地方法院民事判決110年度建字第201號,0,給付工程款
870,臺灣臺北地方法院民事判決110年度建字第203號,0,發還工程保固保證金
871,臺灣臺北地方法院民事判決110年度建字第226號,1,返還履約保證金
872,臺灣臺北地方法院民事判決110年度建字第232號,0.39,給付違約金等
873,臺灣臺北地方法院民事判決110年度建字第286號,1,損害賠償
874,臺灣臺北地方法院民事判決110年度建字第320號,,給付工程款
875,臺灣臺北地方法院民事判決110年度建字第343號,0.262225822,給付工程管理費
876,臺灣臺北地方法院民事判決110年度建字第50號,0,給付工程款
877,臺灣臺北地方法院民事判決110年度建字第71號,,返還工程代墊款等
878,臺灣臺北地方法院民事判決110年度建字第88號,0,給付工程扣押款
879,臺灣臺北地方法院民事判決111年度建字第126號,1,給付工程款
880,臺灣臺北地方法院民事判決111年度建字第131號,,辦理抵押權設定登記
881,臺灣臺北地方法院民事判決111年度建字第145號,1,給付承攬報酬等
882,臺灣臺北地方法院民事判決111年度建字第24號,1,給付工程款
883,臺灣臺北地方法院民事判決111年度建字第50號,0,履行契約
884,臺灣臺北地方法院民事判決111年度建字第77號,1,給付工程款
885,臺灣臺南地方法院民事判決107年度建字第76號,0.414518421,給付工程款
886,臺灣臺南地方法院民事判決110年度建字第15號,,損害賠償
887,臺灣臺南地方法院民事判決110年度建字第30號,0,給付工程款
888,臺灣臺南地方法院民事判決110年度建字第4號,0,給付違約金等
889,臺灣臺南地方法院民事判決110年度建字第42號,1,給付工程款等
890,臺灣臺南地方法院民事判決110年度建字第45號,0.525708562,給付工程款等
891,臺灣臺南地方法院民事判決110年度建字第66號,0,給付工程款
892,臺灣臺南地方法院民事判決110年度建字第68號,,給付工程款
893,臺灣臺南地方法院民事判決111年度建字第30號,1,給付工程款
894,臺灣臺東地方法院民事判決109年度建字第3號,0.068,給付工程款
895,臺灣花蓮地方法院民事判決109年度建字第13號,0,給付工程款等
896,臺灣花蓮地方法院民事判決110年度建字第8號,0,給付工程款
897,臺灣花蓮地方法院民事判決111年度建字第12號,1,返還工程款等
898,臺灣苗栗地方法院民事判決111年度建字第13號,0,給付工程款
899,臺灣高雄地方法院民事判決109年度建字第28號,0,給付工程款
900,臺灣高雄地方法院民事判決110年度建字第18號,0,給付承攬報酬
901,臺灣高雄地方法院民事判決110年度建字第42號,0.907692308,給付工程款
902,臺灣高雄地方法院民事判決110年度建字第60號,1,給付承攬報酬
903,臺灣嘉義地方法院民事判決110年度建字第14號,0,給付工程款
904,臺灣基隆地方法院民事判決109年度建字第21號,,給付工程款
905,臺灣基隆地方法院民事判決111年度建字第5號,0,給付工程款
906,臺灣士林地方法院民事判決108年度建字第56號,0.407627067,給付工程款等
907,臺灣士林地方法院民事判決110年度建字第26號,0,給付工程款
908,臺灣士林地方法院民事判決110年度建字第37號,,給付工程款
909,臺灣宜蘭地方法院民事判決111年度建字第1號,0,給付工程款
910,臺灣彰化地方法院民事判決109年度建字第21號,,損害賠償
911,臺灣彰化地方法院民事判決110年度建字第19號,0,給付工程款
912,臺灣新北地方法院民事判決109年度建字第19號,0,給付款項
913,臺灣新北地方法院民事判決110年度建字第34號,0.927662113,給付工程款
914,臺灣新北地方法院民事判決110年度建字第51號,0.988966795,給付工程款
915,臺灣新北地方法院民事判決111年度建字第32號,,給付工程款
916,臺灣新竹地方法院民事判決108年度建字第44號,0.802809355,損害賠償等
917,臺灣新竹地方法院民事判決110年度建字第10號,0.303351298,給付違約金
918,臺灣桃園地方法院民事判決107年度建字第28號,0.59594397,給付承攬報酬等
919,臺灣桃園地方法院民事判決110年度建字第10號,0.99581102,損害賠償等
920,臺灣桃園地方法院民事判決110年度建字第23號,,返還工程款
921,臺灣桃園地方法院民事判決110年度建字第62號,1,返還價額
922,臺灣橋頭地方法院民事判決110年度建字第10號,1,給付工程款等
923,臺灣橋頭地方法院民事判決111年度建字第17號,,給付工程款等
924,臺灣澎湖地方法院民事判決110年度建字第1號,0.084207645,給付工程款
925,臺灣臺中地方法院民事判決107年度建字第79號,0.223212658,給付工程款
926,臺灣臺中地方法院民事判決108年度建字第86號,1,給付不當得利等
927,臺灣臺中地方法院民事判決110年度建字第110號,0.674157303,給付工程款
928,臺灣臺中地方法院民事判決110年度建字第147號,,給付工程保留款
929,臺灣臺中地方法院民事判決110年度建字第16號,0.863226971,給付工程款等
930,臺灣臺中地方法院民事判決110年度建字第52號,0.983375946,給付工程款
931,臺灣臺中地方法院民事判決110年度建字第99號,0,給付設計費等
932,臺灣臺中地方法院民事判決111年度建字第27號,0,給付工程款
933,臺灣臺中地方法院民事判決111年度建字第6號,,給付工程款
934,臺灣臺北地方法院民事判決106年度建字第34號,0.217121527,給付工程款
935,臺灣臺北地方法院民事判決107年度建字第380號,0,損害賠償
936,臺灣臺北地方法院民事判決108年度建字第142號,0.657016003,給付工程款
937,臺灣臺北地方法院民事判決109年度建字第123號,0.591767377,返還溢領工程款
938,臺灣臺北地方法院民事判決109年度建字第258號,0,給付承攬報酬
939,臺灣臺北地方法院民事判決109年度建字第28號,0,債務不履行損害賠償
940,臺灣臺北地方法院民事判決110年度建字第104號,,返還工程款
941,臺灣臺北地方法院民事判決110年度建字第19號,0.848645236,給付工程款
942,臺灣臺北地方法院民事判決110年度建字第221號,,交付標的物
943,臺灣臺北地方法院民事判決110年度建字第246號,0,給付工程款
944,臺灣臺北地方法院民事判決110年度建字第250號,0.266842141,給付工程款
945,臺灣臺北地方法院民事判決110年度建字第319號,0.214211503,給付承攬報酬
946,臺灣臺北地方法院民事判決110年度建字第334號,,返還本票
947,臺灣臺北地方法院民事判決110年度建字第47號,,給付工程款
948,臺灣臺北地方法院民事判決111年度建字第52號,0.952806578,損害賠償
949,臺灣花蓮地方法院民事判決109年度建字第12號,0,給付工程款等
950,臺灣花蓮地方法院民事判決110年度建字第10號,,給付工程款等
951,臺灣花蓮地方法院民事判決110年度建字第13號,0,給付工程款等
952,臺灣花蓮地方法院民事判決111年度建字第20號,1,返還工程款
953,臺灣苗栗地方法院民事判決111年度建字第16號,,損害賠償
954,臺灣高雄地方法院民事判決107年度建字第103號,0,給付工程款
955,臺灣高雄地方法院民事判決111年度建字第18號,0,返還工程款
956,臺灣南投地方法院民事判決110年度建字第1號,0.092857231,返還工程款
957,臺灣基隆地方法院民事判決109年度建字第1號,0.000582662,給付工程款
958,臺灣彰化地方法院民事判決108年度建字第1號,0.139174608,給付工程款等
959,臺灣彰化地方法院民事判決108年度建字第5號,,給付工程款
960,臺灣彰化地方法院民事判決111年度建字第5號,0,給付工程款
961,臺灣新北地方法院民事判決110年度建字第12號,0,給付工程款
962,臺灣新北地方法院民事判決111年度建字第12號,1,給付溢價工程款等
963,臺灣新竹地方法院民事判決106年度建字第6號,0,給付工程款
964,臺灣新竹地方法院民事判決110年度建字第26號,0,返還訂金等
965,臺灣新竹地方法院民事判決110年度建字第31號,,給付工程款
966,臺灣新竹地方法院民事判決110年度建字第38號,,給付工程款
967,臺灣新竹地方法院民事判決110年度建字第6號,0.758541901,給付工程款
968,臺灣桃園地方法院民事判決108年度建字第125號,,返還不當得利
969,臺灣桃園地方法院民事判決108年度建字第36號,0.465255935,給付工程款
970,臺灣桃園地方法院民事判決109年度建字第142號,0,給付工程款
971,臺灣桃園地方法院民事判決109年度建字第86號,0.305975641,給付承攬報酬
972,臺灣桃園地方法院民事判決110年度建字第82號,0,給付工程款
973,臺灣桃園地方法院民事判決111年度建字第34號,0,給付工程款
974,臺灣桃園地方法院民事判決111年度建字第64號,,給付保養及維修工程費
975,臺灣桃園地方法院民事判決111年度建字第69號,1,給付承攬報酬
976,臺灣橋頭地方法院民事判決106年度建字第30號,0,損害賠償
977,臺灣橋頭地方法院民事判決108年度建字第5號,0.445266775,給付違約金等
978,臺灣臺中地方法院民事判決106年度建字第88號,0,給付工程款
979,臺灣臺中地方法院民事判決107年度建字第127號,,給付工程款等
980,臺灣臺中地方法院民事判決108年度建字第37號,1,損害賠償等
981,臺灣臺中地方法院民事判決109年度建字第122號,0.902428097,給付工程款
982,臺灣臺中地方法院民事判決109年度建字第17號,,給付工程款等
983,臺灣臺中地方法院民事判決109年度建字第37號,,損害賠償
984,臺灣臺中地方法院民事判決109年度建字第91號,,給付服務報酬
985,臺灣臺中地方法院民事判決110年度建字第144號,,給付承攬報酬
986,臺灣臺中地方法院民事判決110年度建字第15號,1,給付代墊工程款
987,臺灣臺中地方法院民事判決111年度建字第55號,0,給付工程款
988,臺灣臺中地方法院民事判決111年度建字第74號,,給付工程款
989,臺灣臺北地方法院民事判決105年度建字第371號,,給付工程款
990,臺灣臺北地方法院民事判決108年度建字第113號,0,損害賠償等
991,臺灣臺北地方法院民事判決108年度建字第287號,0.305305681,給付工程款等
992,臺灣臺北地方法院民事判決108年度建字第321號,0.733232989,給付承攬報酬
993,臺灣臺北地方法院民事判決109年度建字第208號,,給付工程款等
994,臺灣臺北地方法院民事判決109年度建字第282號,0.807952698,返還工程款
995,臺灣臺北地方法院民事判決109年度建字第289號,0.909986256,返還代墊工程款等
996,臺灣臺北地方法院民事判決109年度建字第375號,1,給付承攬報酬
997,臺灣臺北地方法院民事判決109年度建字第377號,1,給付工程款
998,臺灣臺北地方法院民事判決110年度建字第147號,1,給付工程款
999,臺灣臺北地方法院民事判決110年度建字第155號,,損害賠償等
1000,臺灣臺北地方法院民事判決110年度建字第155號,,給付承攬報酬
1001,臺灣臺北地方法院民事判決110年度建字第280號,0,給付工程款
1002,臺灣臺北地方法院民事判決110年度建字第294號,0,給付工程款
1003,臺灣臺北地方法院民事判決110年度建字第305號,0,給付承攬報酬
1004,臺灣臺北地方法院民事判決110年度建字第67號,0.71508613,給付工程款
1005,臺灣臺北地方法院民事判決110年度建字第85號,0.996286251,給付工程代墊款
1006,臺灣臺北地方法院民事判決111年度建字第121號,1,給付工程款等
1007,臺灣臺南地方法院民事判決110年度建字第28號,0.980080074,給付工程款
1008,臺灣臺南地方法院民事判決111年度建字第35號,,返還不當得利
1009,臺灣臺南地方法院民事判決111年度建字第37號,,返還工程款等
1010,臺灣臺南地方法院民事判決111年度建字第45號,,返還工程款等
1011,臺灣花蓮地方法院民事判決110年度建字第11號,0.056434607,給付工程款
1012,臺灣花蓮地方法院民事判決111年度建字第5號,0,給付工程款
1013,臺灣苗栗地方法院民事判決110年度建字第3號,0,給付工程款
1014,臺灣高雄地方法院民事判決104年度建字第124號,0,損害賠償
1015,臺灣高雄地方法院民事判決110年度建字第21號,0.681304907,返還溢領工程款
1016,臺灣高雄地方法院民事判決111年度建字第14號,1,返還溢領工程款
1017,臺灣士林地方法院民事判決110年度建字第10號,0,給付委任報酬
1018,臺灣士林地方法院民事判決110年度建字第48號,1,履行契約等
1019,臺灣士林地方法院民事判決111年度建字第6號,1,損害賠償
1020,臺灣屏東地方法院民事判決110年度建字第22號,1,給付工程款
1021,臺灣屏東地方法院民事判決110年度建字第34號,,給付服務費
1022,臺灣彰化地方法院民事判決107年度建字第16號,,給付工程款
1023,臺灣新北地方法院民事判決110年度建字第46號,0,侵權行為損害賠償等
1024,臺灣新北地方法院民事判決111年度建字第19號,0,給付工程款
1025,臺灣新竹地方法院民事判決107年度建字第60號,0.306911318,給付工程款
1026,臺灣新竹地方法院民事判決110年度建字第12號,0,給付工程款
1027,臺灣桃園地方法院民事判決109年度建字第49號,0.54485757,給付工程款
1028,臺灣桃園地方法院民事判決110年度建字第12號,0,給付工程款
1029,臺灣桃園地方法院民事判決110年度建字第38號,0,給付工程款
1030,臺灣臺中地方法院民事判決108年度建字第158號,0.571679799,損害賠償
1031,臺灣臺中地方法院民事判決110年度建字第103號,1,給付工程保留款
1032,臺灣臺中地方法院民事判決110年度建字第117號,1,給付工程款等
1033,臺灣臺中地方法院民事判決110年度建字第12號,0.969135802,給付工程款
1034,臺灣臺中地方法院民事判決110年度建字第155號,,給付工程款
1035,臺灣臺中地方法院民事判決110年度建字第35號,0,給付承攬報酬
1036,臺灣臺中地方法院民事判決111年度建字第32號,,返還工程款等
1037,臺灣臺中地方法院民事判決111年度建字第38號,,給付工程款
1038,臺灣臺中地方法院民事判決111年度建字第52號,,給付工程款等
1039,臺灣臺北地方法院民事判決109年度建字第307號,0,給付承攬報酬等
1040,臺灣臺北地方法院民事判決109年度建字第334號,0.603754564,給付工程款等
1041,臺灣臺北地方法院民事判決109年度建字第360號,0.145935789,給付工程款
1042,臺灣臺北地方法院民事判決110年度建字第162號,,給付工程款
1043,臺灣臺北地方法院民事判決110年度建字第167號,0,給付工程款
1044,臺灣臺北地方法院民事判決110年度建字第195號,,給付工程款
1045,臺灣臺北地方法院民事判決110年度建字第212號,0,損害賠償等
1046,臺灣臺北地方法院民事判決110年度建字第223號,0.595384166,損害賠償
1047,臺灣臺北地方法院民事判決110年度建字第350號,0.349329897,給付工程款
1048,臺灣臺北地方法院民事判決111年度建字第169號,0.302992029,給付工程違約金
1049,臺灣臺北地方法院民事判決111年度建字第180號,1,債務不履行損害賠償
1050,臺灣臺北地方法院民事判決111年度建字第189號,1,給付工程款
1051,臺灣臺南地方法院民事判決110年度建字第72號,,給付工程款
1052,臺灣臺南地方法院民事判決111年度建字第20號,0.981274811,返還工程款
1053,臺灣臺南地方法院民事判決111年度建字第29號,,解除契約等
1054,臺灣臺南地方法院民事判決111年度建字第39號,,返還溢領工程款等
1055,臺灣臺南地方法院民事判決111年度建字第4號,0,給付工程款
1056,臺灣花蓮地方法院民事判決110年度建字第12號,0,給付工程款
1057,臺灣花蓮地方法院民事判決110年度建字第14號,0,給付服務費用
1058,臺灣高雄地方法院民事判決108年度建字第78號,0.434965943,給付工程款
1059,臺灣南投地方法院民事判決109年度建字第17號,0.744098703,給付代墊款
1060,臺灣嘉義地方法院民事判決110年度建字第21號,0.230414747,給付工程款
1061,臺灣士林地方法院民事判決107年度建字第99號,0.91433131,給付工程款
1062,臺灣士林地方法院民事判決109年度建字第36號,,給付工程款等
1063,臺灣士林地方法院民事判決111年度建字第10號,,損害賠償
1064,臺灣屏東地方法院民事判決109年度建字第33號,0.058722378,返還保證金
1065,臺灣屏東地方法院民事判決110年度建字第16號,0.499416392,解除契約回復原狀
1066,臺灣屏東地方法院民事判決110年度建字第20號,0,損害賠償
1067,臺灣屏東地方法院民事判決110年度建字第30號,0,給付工程款
1068,臺灣屏東地方法院民事判決111年度建字第15號,,返還工程款
1069,臺灣彰化地方法院民事判決108年度建字第27號,0.5057058,給付工程款
1070,臺灣彰化地方法院民事判決111年度建字第18號,,給付工程款
1071,臺灣新北地方法院民事判決109年度建字第74號,0,給付價金
1072,臺灣新北地方法院民事判決110年度建字第48號,1,給付工程款
1073,臺灣新竹地方法院民事判決107年度建字第64號,0.62899337,給付工程款
1074,臺灣新竹地方法院民事判決109年度建字第28號,,給付工程款等
1075,臺灣新竹地方法院民事判決111年度建字第15號,0,給付違約金
1076,臺灣新竹地方法院民事判決111年度建字第3號,1,給付工程款
1077,臺灣桃園地方法院民事判決107年度建字第47號,0,損害賠償等
1078,臺灣桃園地方法院民事判決109年度建字第120號,1,給付工程款
1079,臺灣桃園地方法院民事判決109年度建字第129號,0,返還代墊款
1080,臺灣桃園地方法院民事判決110年度建字第91號,0,給付工程款等
1081,臺灣桃園地方法院民事判決111年度建字第25號,0.726335878,給付工程款
1082,臺灣橋頭地方法院民事判決111年度建字第22號,0,給付工程款
1083,臺灣臺中地方法院民事判決110年度建字第100號,0.770125069,給付工程款
1084,臺灣臺中地方法院民事判決110年度建字第105號,,給付工程款
1085,臺灣臺中地方法院民事判決110年度建字第138號,1,給付工程款
1086,臺灣臺中地方法院民事判決110年度建字第46號,0,給付工程款等
1087,臺灣臺中地方法院民事判決110年度建字第53號,0,債務不履行損害賠償
1088,臺灣臺中地方法院民事判決110年度建字第79號,0.860927625,給付代墊工程款
1089,臺灣臺中地方法院民事判決111年度建字第16號,0,給付工程款
1090,臺灣臺中地方法院民事判決111年度建字第23號,0,損害賠償等
1091,臺灣臺中地方法院民事判決111年度建字第7號,0,給付工程保留款
1092,臺灣臺中地方法院民事判決111年度建字第76號,0,給付工程款
1093,臺灣臺北地方法院民事判決107年度建字第329號,0,給付工程款
1094,臺灣臺北地方法院民事判決108年度建字第143號,0,給付工程款
1095,臺灣臺北地方法院民事判決108年度建字第21號,0.823365173,給付工程款等
1096,臺灣臺北地方法院民事判決108年度建字第228號,,確認工程款債權存在
1097,臺灣臺北地方法院民事判決108年度建字第52號,,確認工程款債權存在
1098,臺灣臺北地方法院民事判決109年度建字第108號,0,給付工程款
1099,臺灣臺北地方法院民事判決109年度建字第151號,0,給付工程款等
1100,臺灣臺北地方法院民事判決109年度建字第350號,,損害賠償
1101,臺灣臺北地方法院民事判決110年度建字第239號,,給付工程款
1102,臺灣臺北地方法院民事判決110年度建字第243號,0,給付承攬報酬等
1103,臺灣臺北地方法院民事判決110年度建字第247號,1,損害賠償
1104,臺灣臺北地方法院民事判決110年度建字第307號,0.926720026,給付工程款
1105,臺灣臺北地方法院民事判決110年度建字第326號,0.941138384,給付工程款
1106,臺灣臺北地方法院民事判決110年度建字第4號,0.089178269,返還價金
1107,臺灣臺北地方法院民事判決111年度建字第30號,0,給付工程保留款
1108,臺灣臺北地方法院民事判決111年度建字第83號,0,給付工程款
1109,臺灣臺南地方法院民事判決109年度建字第63號,0.102489203,給付工程款
1110,臺灣臺南地方法院民事判決110年度建字第3號,0,給付承攬報酬
1111,臺灣臺南地方法院民事判決111年度建字第17號,0,返還工程款
1112,臺灣臺南地方法院民事判決111年度建字第43號,1,給付工程款
1113,臺灣臺南地方法院民事判決111年度建字第63號,,給付工程款
1114,臺灣花蓮地方法院民事判決110年度建字第9號,0,給付工程款
1115,臺灣苗栗地方法院民事判決111年度建字第4號,0,給付工程款
1116,臺灣高雄地方法院民事判決107年度建字第31號,,給付工程款
1117,臺灣高雄地方法院民事判決107年度建字第60號,,給付承攬報酬等
1118,臺灣高雄地方法院民事判決107年度建字第84號,,給付工程款
1119,臺灣高雄地方法院民事判決110年度建字第38號,0.303003333,損害賠償
1120,臺灣高雄地方法院民事判決111年度建字第11號,0.944111146,給付工程款
1121,臺灣高雄地方法院民事判決111年度建字第29號,,返還溢領工程款等
1122,臺灣南投地方法院民事判決111年度建字第8號,0.068123038,給付工程款等
1123,臺灣嘉義地方法院民事判決111年度建字第11號,,給付工程款
1124,臺灣嘉義地方法院民事判決111年度建字第19號,,給付工程款
1125,臺灣基隆地方法院民事判決110年度建字第10號,0,返還工程款等
1126,臺灣基隆地方法院民事判決111年度建字第8號,,返還工程款
1127,臺灣宜蘭地方法院民事判決110年度建字第10號,0,給付工程款
1128,臺灣彰化地方法院民事判決110年度建字第27號,,返還不當得利
1129,臺灣彰化地方法院民事判決111年度建字第25號,,給付工程款
1130,臺灣新北地方法院民事判決110年度建字第11號,0,損害賠償等
1131,臺灣新北地方法院民事判決110年度建字第57號,0.892150279,給付承攬報酬
1132,臺灣新北地方法院民事判決110年度建字第61號,,損害賠償
1133,臺灣新北地方法院民事判決111年度建字第58號,,給付工程款
1134,臺灣新竹地方法院民事判決110年度建字第5號,,給付工程款
1135,臺灣新竹地方法院民事判決110年度建字第8號,,給付工程款等
1136,臺灣新竹地方法院民事判決111年度建字第7號,1,返還工程款等
1137,臺灣桃園地方法院民事判決109年度建字第52號,0.699619528,給付工程款
1138,臺灣桃園地方法院民事判決110年度建字第93號,0.840276549,給付酬金
1139,臺灣桃園地方法院民事判決111年度建字第74號,0,損害賠償等
1140,臺灣澎湖地方法院民事判決110年度建字第3號,0.605208526,返還工程款等
1141,臺灣臺中地方法院民事判決108年度建字第12號,0.393661488,給付工程款
1142,臺灣臺中地方法院民事判決109年度建字第133號,0.561459793,返還工程款等
1143,臺灣臺中地方法院民事判決109年度建字第160號,0.836663005,給付工程款
1144,臺灣臺中地方法院民事判決109年度建字第63號,0,給付工程款
1145,臺灣臺中地方法院民事判決110年度建字第139號,,損害賠償等
1146,臺灣臺中地方法院民事判決110年度建字第5號,0.505991717,請求減少報酬
1147,臺灣臺中地方法院民事判決110年度建字第60號,0,給付工程款
1148,臺灣臺中地方法院民事判決110年度建字第78號,0.469019488,返還不當得利等
1149,臺灣臺中地方法院民事判決110年度建字第86號,0.671588235,給付工程款
1150,臺灣臺中地方法院民事判決111年度建字第112號,,返還工程款及損害賠償
1151,臺灣臺中地方法院民事判決111年度建字第40號,,給付違約金等
1152,臺灣臺中地方法院民事判決111年度建字第53號,0.668316832,給付工程款
1153,臺灣臺北地方法院民事判決105年度建字第293號,0.891806528,給付違約金等
1154,臺灣臺北地方法院民事判決107年度建字第394號,0,給付工程款
1155,臺灣臺北地方法院民事判決108年度建字第369號,,給付工程款
1156,臺灣臺北地方法院民事判決108年度建字第426號,0.690615091,給付工程款
1157,臺灣臺北地方法院民事判決109年度建字第199號,0.873119289,給付工程款
1158,臺灣臺北地方法院民事判決109年度建字第326號,0.352314066,給付工程款等
1159,臺灣臺北地方法院民事判決110年度建字第215號,,確認工程款債權存在
1160,臺灣臺北地方法院民事判決110年度建字第253號,0,損害賠償
1161,臺灣臺北地方法院民事判決110年度建字第296號,0,損害賠償
1162,臺灣臺北地方法院民事判決110年度建字第31號,0.615895458,給付工程款
1163,臺灣臺北地方法院民事判決110年度建字第73號,1,履行協議
1164,臺灣臺北地方法院民事判決110年度建字第8號,,返還價金
1165,臺灣臺北地方法院民事判決110年度建字第81號,0.543478261,給付承攬報酬
1166,臺灣臺北地方法院民事判決110年度建字第83號,0,損害賠償
1167,臺灣臺北地方法院民事判決110年度建字第9號,0.69011802,給付工程款
1168,臺灣臺北地方法院民事判決111年度建字第114號,1,給付履約保證金
1169,臺灣臺北地方法院民事判決111年度建字第152號,,確認工程保固責任不存在
1170,臺灣臺北地方法院民事判決111年度建字第196號,0.146919969,給付工程保固款等
1171,臺灣臺北地方法院民事判決111年度建字第29號,0,給付工程款
1172,臺灣臺北地方法院民事判決111年度建字第53號,0,給付追加工程款
1173,臺灣臺北地方法院民事判決111年度建字第79號,0.22850186,給付承攬報酬
1174,臺灣臺北地方法院民事判決111年度建字第82號,,代位返還履約保證金
1175,臺灣臺南地方法院民事判決110年度建字第26號,0,給付承攬報酬
1176,臺灣臺南地方法院民事判決110年度建字第51號,0.12992126,給付違約金等
1177,臺灣臺南地方法院民事判決111年度建字第40號,,給付違約金
1178,臺灣臺南地方法院民事判決111年度建字第62號,,給付工程款
1179,臺灣苗栗地方法院民事判決110年度建字第26號,0,確認契約關係存在
1180,臺灣苗栗地方法院民事判決110年度建字第5號,0,給付工程款
1181,臺灣高雄地方法院民事判決107年度建字第28號,0.505987927,給付工程款
1182,臺灣高雄地方法院民事判決110年度建字第23號,0.017407101,給付工程款
1183,臺灣高雄地方法院民事判決110年度建字第39號,,返還溢領工程款等
1184,臺灣高雄地方法院民事判決110年度建字第62號,1,給付工程款
1185,臺灣高雄地方法院民事判決111年度建字第15號,,給付工程款
1186,臺灣高雄地方法院民事判決111年度建字第31號,0.811293201,給付工程款等
1187,臺灣南投地方法院民事判決109年度建字第6號,0.033906807,給付工程款
1188,臺灣嘉義地方法院民事判決111年度建字第3號,,損害賠償
1189,臺灣嘉義地方法院民事判決111年度建字第5號,0,給付工程款
1190,臺灣基隆地方法院民事判決111年度建字第12號,0,返還不當得利
1191,臺灣基隆地方法院民事判決111年度建字第2號,,給付工程款
1192,臺灣士林地方法院民事判決111年度建字第19號,,給付工程款
1193,臺灣宜蘭地方法院民事判決110年度建字第12號,,確認工程款債權存在
1194,臺灣宜蘭地方法院民事判決111年度建字第5號,0.272621223,返還不當得利等
1195,臺灣彰化地方法院民事判決111年度建字第20號,0,返還工程款
1196,臺灣彰化地方法院民事判決111年度建字第8號,1,給付工程款等
1197,臺灣新北地方法院民事判決108年度建字第48號,0.100344266,損害賠償等
1198,臺灣新北地方法院民事判決111年度建字第14號,0,給付工程款
1199,臺灣新北地方法院民事判決111年度建字第37號,0,給付工程款
1200,臺灣新竹地方法院民事判決109年度建字第24號,0,損害賠償
1201,臺灣桃園地方法院民事判決108年度建字第77號,,解除契約等
1202,臺灣桃園地方法院民事判決110年度建字第24號,,損害賠償等
1203,臺灣桃園地方法院民事判決110年度建字第6號,0.201060869,給付承攬報酬
1204,臺灣桃園地方法院民事判決111年度建字第120號,,返還價金等
1205,臺灣桃園地方法院民事判決111年度建字第45號,1,損害賠償
1206,臺灣桃園地方法院民事判決111年度建字第67號,0,損害賠償
1207,臺灣桃園地方法院民事判決111年度建字第72號,0.471689187,給付尾款
1208,臺灣桃園地方法院民事判決111年度建字第77號,,給付工程款
1209,臺灣橋頭地方法院民事判決110年度建字第3號,0,返還承攬報酬等
1210,臺灣臺中地方法院民事判決108年度建字第80號,0.528122632,損害賠償等
1211,臺灣臺中地方法院民事判決109年度建字第46號,0.88938496,給付工程款
1212,臺灣臺中地方法院民事判決110年度建字第121號,,履行契約
1213,臺灣臺中地方法院民事判決110年度建字第65號,0.940299925,返還溢領工程款等
1214,臺灣臺中地方法院民事判決111年度建字第122號,,履行契約等
1215,臺灣臺北地方法院民事判決104年度建字第70號,0,給付契約變更工程款
1216,臺灣臺北地方法院民事判決107年度建字第431號,,確認工程款債權存在等
1217,臺灣臺北地方法院民事判決108年度建字第288號,0.352549463,給付工程款等
1218,臺灣臺北地方法院民事判決108年度建字第301號,0.900471496,損害賠償等
1219,臺灣臺北地方法院民事判決108年度建字第33號,0.58481275,給付承攬報酬
1220,臺灣臺北地方法院民事判決109年度建字第284號,0.052593786,給付工程款
1221,臺灣臺北地方法院民事判決109年度建字第299號,0.308907948,給付承攬報酬
1222,臺灣臺北地方法院民事判決109年度建字第378號,,確認工程款債權不存在
1223,臺灣臺北地方法院民事判決109年度建字第384號,0.997388038,給付工程款
1224,臺灣臺北地方法院民事判決109年度建字第40號,0.036604132,給付承攬報酬
1225,臺灣臺北地方法院民事判決109年度建字第70號,0,損害賠償等
1226,臺灣臺北地方法院民事判決110年度建字第151號,0.679026089,損害賠償等
1227,臺灣臺北地方法院民事判決110年度建字第213號,,給付工程款
1228,臺灣臺北地方法院民事判決110年度建字第22號,0.533879981,給付工程款
1229,臺灣臺北地方法院民事判決110年度建字第236號,0.272729081,給付工程款等
1230,臺灣臺北地方法院民事判決110年度建字第267號,0,給付工程款等
1231,臺灣臺北地方法院民事判決110年度建字第345號,0.441693212,給付工程款
1232,臺灣臺北地方法院民事判決110年度建字第7號,0,給付工程款等
1233,臺灣臺北地方法院民事判決110年度建字第95號,0,損害賠償等
1234,臺灣臺北地方法院民事判決111年度建字第123號,1,給付工程款
1235,臺灣臺北地方法院民事判決111年度建字第142號,1,返還工程款
1236,臺灣臺北地方法院民事判決111年度建字第147號,1,損害賠償
1237,臺灣臺北地方法院民事判決111年度建字第178號,0.900155039,返還價金等
1238,臺灣臺北地方法院民事判決111年度建字第184號,0,給付工程款
1239,臺灣臺北地方法院民事判決111年度建字第222號,0.259236681,損害賠償等
1240,臺灣臺北地方法院民事判決111年度建字第31號,0.962189024,損害賠償
1241,臺灣臺北地方法院民事判決111年度建字第39號,1,給付工程款
1242,臺灣臺北地方法院民事判決111年度建字第40號,0.383265224,給付工程款
1243,臺灣臺北地方法院民事判決111年度建字第6號,0,給付承攬報酬
1244,臺灣臺北地方法院民事判決111年度建字第60號,0.142857143,給付工程款
1245,臺灣臺南地方法院民事判決109年度建字第10號,0.576780437,給付工程款
1246,臺灣臺南地方法院民事判決110年度建字第59號,0,請求損害賠償等
1247,臺灣臺南地方法院民事判決111年度建字第1號,,返還工程款等
1248,臺灣臺南地方法院民事判決111年度建字第10號,0,給付工程款
1249,臺灣臺南地方法院民事判決111年度建字第58號,0,請求損害賠償
1250,臺灣臺南地方法院民事判決111年度建字第59號,1,給付工程款
1251,臺灣臺東地方法院民事判決110年度建字第4號,1,債務不履行損害賠償
1252,臺灣臺東地方法院民事判決111年度建字第1號,,返還工程款
1253,臺灣花蓮地方法院民事判決111年度建字第21號,0.014306629,給付工程款
1254,臺灣花蓮地方法院民事判決111年度建字第22號,0,給付工程款
1255,臺灣花蓮地方法院民事判決111年度建字第26號,1,給付工程款等
1256,臺灣苗栗地方法院民事判決109年度建字第24號,,給付工程款
1257,臺灣高雄地方法院民事判決109年度建字第24號,0.115308355,給付工程款
1258,臺灣高雄地方法院民事判決110年度建字第11號,0.219863858,給付工程款
1259,臺灣高雄地方法院民事判決110年度建字第30號,0.888670173,給付工程款
1260,臺灣高雄地方法院民事判決111年度建字第25號,0,損害賠償
1261,臺灣高雄地方法院民事判決111年度建字第59號,,返還不當得利等
1262,臺灣嘉義地方法院民事判決109年度建字第4號,,給付工程款
1263,臺灣嘉義地方法院民事判決110年度建字第20號,0.082912952,損害賠償
1264,臺灣嘉義地方法院民事判決111年度建字第1號,0,給付工程款
1265,臺灣基隆地方法院民事判決104年度建字第24號,0.061421132,給付工程款
1266,臺灣士林地方法院民事判決110年度建字第33號,0.243599325,返還工程款
1267,臺灣士林地方法院民事判決111年度建字第3號,,損害賠償等
1268,臺灣屏東地方法院民事判決109年度建字第34號,0.951428571,給付工程款
1269,臺灣屏東地方法院民事判決109年度建字第36號,,損害賠償
1270,臺灣屏東地方法院民事判決110年度建字第1號,,給付工程款等
1271,臺灣彰化地方法院民事判決111年度建字第2號,0.308088235,給付工程款
1272,臺灣彰化地方法院民事判決111年度建字第21號,1,給付工程款
1273,臺灣桃園地方法院民事判決111年度建字第10號,0,給付報酬
1274,臺灣桃園地方法院民事判決111年度建字第108號,1,給付違約金
1275,臺灣桃園地方法院民事判決111年度建字第112號,,給付違約金等
1276,臺灣橋頭地方法院民事判決108年度建字第9號,0,給付承攬報酬
1277,臺灣橋頭地方法院民事判決109年度建字第4號,,確認債權存在
1278,臺灣橋頭地方法院民事判決110年度建字第22號,0,給付工程款
1279,臺灣橋頭地方法院民事判決111年度建字第15號,0.987800485,給付承攬報酬
1280,臺灣橋頭地方法院民事判決111年度建字第31號,0.976846626,返還履約保證金等
1281,臺灣臺中地方法院民事判決107年度建字第88號,0.280059056,給付工程款
1282,臺灣臺中地方法院民事判決109年度建字第86號,0.713649129,給付承攬報酬
1283,臺灣臺中地方法院民事判決110年度建字第101號,0.021016501,損害賠償等
1284,臺灣臺中地方法院民事判決111年度建字第64號,0.848385685,損害賠償
1285,臺灣臺中地方法院民事判決111年度建字第85號,0,損害賠償等
1286,臺灣臺北地方法院民事判決107年度建字第135號,0.695530394,給付承攬報酬
1287,臺灣臺北地方法院民事判決107年度建字第428號,0,給付工程款
1288,臺灣臺北地方法院民事判決108年度建字第133號,0.176343767,損害賠償
1289,臺灣臺北地方法院民事判決108年度建字第338號,0.003271629,損害賠償
1290,臺灣臺北地方法院民事判決108年度建字第57號,0.182334671,給付工程款
1291,臺灣臺北地方法院民事判決109年度建字第245號,0.921022624,給付工程款
1292,臺灣臺北地方法院民事判決110年度建字第175號,1,給付工程款
1293,臺灣臺北地方法院民事判決110年度建字第224號,0,給付承攬報酬等
1294,臺灣臺北地方法院民事判決110年度建字第276號,0.376129607,給付承攬報酬
1295,臺灣臺北地方法院民事判決110年度建字第34號,0.505457401,給付工程款
1296,臺灣臺北地方法院民事判決111年度建字第106號,,確認工程款債權存在等
1297,臺灣臺北地方法院民事判決111年度建字第13號,0.946954871,給付工程款
1298,臺灣臺北地方法院民事判決111年度建字第58號,0,損害賠償等
1299,臺灣臺北地方法院民事判決111年度建字第86號,0,返還不當得利
1300,臺灣臺北地方法院民事判決111年度建字第88號,,給付工程款
1301,臺灣臺南地方法院民事判決106年度建字第27號,0.210639659,給付工程款
1302,臺灣雲林地方法院民事判決110年度建字第12號,0.039491176,給付承攬報酬
1303,臺灣高雄地方法院民事判決106年度建字第1號,0,給付工程款
1304,臺灣高雄地方法院民事判決106年度建字第124號,0.518260641,給付工程款
1305,臺灣高雄地方法院民事判決106年度建字第22號,,給付工程款
1306,臺灣高雄地方法院民事判決109年度建字第59號,0.840558061,給付工程款
1307,臺灣高雄地方法院民事判決110年度建字第50號,0,給付工程款
1308,臺灣高雄地方法院民事判決111年度建字第30號,1,給付工程款
1309,臺灣南投地方法院民事判決111年度建字第1號,,損害賠償等
1310,臺灣南投地方法院民事判決111年度建字第13號,1,給付工程款
1311,臺灣嘉義地方法院民事判決111年度建字第13號,0,損害賠償
1312,臺灣士林地方法院民事判決109年度建字第14號,0.262909829,給付工程款
1313,臺灣宜蘭地方法院民事判決111年度建字第6號,0.102966993,給付工程款
1314,臺灣屏東地方法院民事判決106年度建字第38號,0.070226056,給付工程款
1315,臺灣新北地方法院民事判決111年度建字第7號,0.230628675,給付工程款
1316,臺灣新竹地方法院民事判決111年度建字第30號,,給付工程款
1317,臺灣桃園地方法院民事判決110年度建字第17號,0.635401164,給付合建契約款
1318,臺灣桃園地方法院民事判決111年度建字第100號,0,損害賠償
1319,臺灣桃園地方法院民事判決111年度建字第81號,0.345436366,給付工程款
1320,臺灣桃園地方法院民事判決111年度建字第87號,,請求設定抵押權
1321,臺灣橋頭地方法院民事判決111年度建字第26號,1,給付工程款
1322,臺灣橋頭地方法院民事判決111年度建字第6號,,損害賠償
1323,臺灣臺中地方法院民事判決108年度建字第46號,0.154614614,給付承攬報酬等
1324,臺灣臺中地方法院民事判決109年度建字第156號,,給付工程款等
1325,臺灣臺中地方法院民事判決110年度建字第128號,1,給付工程款
1326,臺灣臺中地方法院民事判決110年度建字第24號,0.47619416,給付工程款
1327,臺灣臺北地方法院民事判決108年度建字第167號,0,給付工程款
1328,臺灣臺北地方法院民事判決108年度建字第401號,0.287223855,損害賠償等
1329,臺灣臺北地方法院民事判決109年度建字第191號,0.551341592,給付工程款
1330,臺灣臺北地方法院民事判決109年度建字第270號,0.489913283,給付工程款
1331,臺灣臺北地方法院民事判決110年度建字第16號,0.938239356,給付工程款等
1332,臺灣臺北地方法院民事判決110年度建字第234號,0.389192694,損害賠償
1333,臺灣臺北地方法院民事判決110年度建字第285號,0.646835965,損害賠償等
1334,臺灣臺北地方法院民事判決110年度建字第97號,0,給付工程款
1335,臺灣臺北地方法院民事判決111年度建字第20號,0.897194321,給付工程款
1336,臺灣臺北地方法院民事判決111年度建字第210號,0,給付工程款
1337,臺灣臺北地方法院民事判決111年度建字第243號,0,損害賠償
1338,臺灣臺北地方法院民事判決111年度建字第25號,,給付工程款
1339,臺灣臺北地方法院民事判決111年度建字第91號,0.743918727,給付工程款
1340,臺灣臺北地方法院民事判決111年度建字第93號,0,給付工程款
1341,臺灣臺南地方法院民事判決109年度建字第25號,,給付工程款
1342,臺灣臺南地方法院民事判決110年度建字第39號,,給付工程款
1343,臺灣臺東地方法院民事判決109年度建字第9號,0,給付工程款
1344,臺灣高雄地方法院民事判決108年度建字第75號,1,給付工程款
1345,臺灣高雄地方法院民事判決109年度建字第31號,0.091032629,損害賠償
1346,臺灣高雄地方法院民事判決110年度建字第53號,,給付工程款等
1347,臺灣高雄地方法院民事判決111年度建字第67號,1,給付工程款
